,,,,,,,,Standard,Standard,Standard,Standard,Standard,Standard,Standard,Standard,Standard,Standard,Standard,Expected,Expected,Expected,Expected,Expected,
Rk,Player,Nation,Pos,Squad,Age,Born,90s,Gls,PK,PKatt,Sh,SoT,FK,SoT%,Sh/90,SoT/90,G/Sh,G/SoT,xG,npxG,npxG/Sh,G-xG,np:G-xG,Matches
1,Patrick van Aanholt\Patrick-van-Aanholt,nl NED,DF,Crystal Palace,28,1990,25.9,3,1,1,23,4,3,17.4,0.89,0.15,0.09,0.50,1.9,1.2,0.05,+1.1,+0.8,Matches
2,Max Aarons\Max-Aarons,eng ENG,DF,Norwich City,19,2000,32.0,0,0,0,14,4,0,28.6,0.44,0.12,0.00,0.00,0.5,0.5,0.04,-0.5,-0.5,Matches
3,Tammy Abraham\Tammy-Abraham,eng ENG,FW,Chelsea,21,1997,23.1,14,0,0,80,32,0,40.0,3.47,1.39,0.18,0.44,14.0,14.0,0.18,0.0,0.0,Matches
4,Che Adams\Che-Adams,eng ENG,FW,Southampton,23,1996,9.2,1,0,0,23,4,0,17.4,2.51,0.44,0.04,0.25,2.4,2.4,0.10,-1.4,-1.4,Matches
5,Adrián\Adrian,es ESP,GK,Liverpool,32,1987,9.7,0,0,0,0,0,0,,0.00,0.00,,,0.0,0.0,,0.0,0.0,Matches
6,Sergio Agüero\Sergio-Aguero,ar ARG,FW,Manchester City,31,1988,16.1,16,2,3,73,25,0,34.2,4.52,1.55,0.19,0.56,14.2,11.9,0.16,+1.8,+2.1,Matches
7,Albian Ajeti\Albian-Ajeti,ch SUI,MFFW,West Ham,22,1997,1.5,0,0,0,3,0,0,0.0,1.94,0.00,0.00,,0.1,0.1,0.04,-0.1,-0.1,Matches
8,Nathan Aké\Nathan-Ake,nl NED,DF,Bournemouth,24,1995,26.4,2,0,0,24,7,0,29.2,0.91,0.27,0.08,0.29,2.6,2.6,0.11,-0.6,-0.6,Matches
9,Marc Albrighton\Marc-Albrighton,eng ENG,MFDF,Leicester City,29,1989,8.7,0,0,0,9,2,0,22.2,1.04,0.23,0.00,0.00,0.5,0.5,0.06,-0.5,-0.5,Matches
10,Toby Alderweireld\Toby-Alderweireld,be BEL,DF,Tottenham,30,1989,27.9,1,0,0,12,4,0,33.3,0.43,0.14,0.08,0.25,0.8,0.8,0.06,+0.2,+0.2,Matches
11,Trent Alexander-Arnold\Trent-Alexander-Arnold,eng ENG,DF,Liverpool,20,1998,33.0,3,0,0,40,10,11,25.0,1.21,0.30,0.08,0.30,2.6,2.6,0.07,+0.4,+0.4,Matches
12,Alisson\Alisson,br BRA,GK,Liverpool,26,1992,24.3,0,0,0,0,0,0,,0.00,0.00,,,0.0,0.0,,0.0,0.0,Matches
13,Dele Alli\Dele-Alli,eng ENG,MFFW,Tottenham,23,1996,20.4,8,1,1,39,18,0,46.2,1.91,0.88,0.18,0.39,7.1,6.3,0.16,+0.9,+0.7,Matches
14,Miguel Almirón\Miguel-Almiron,py PAR,FWMF,Newcastle Utd,25,1994,29.9,4,0,0,49,15,0,30.6,1.64,0.50,0.08,0.27,6.2,6.2,0.13,-2.2,-2.2,Matches
15,Marcos Alonso\Marcos-Alonso,es ESP,DF,Chelsea,28,1990,12.5,4,0,0,24,7,1,29.2,1.91,0.56,0.17,0.57,1.8,1.8,0.07,+2.2,+2.2,Matches
16,Steven Alzate\Steven-Alzate,co COL,MFDF,Brighton,20,1998,13.2,0,0,0,13,3,0,23.1,0.98,0.23,0.00,0.00,1.1,1.1,0.09,-1.1,-1.1,Matches
17,Ibrahim Amadou\Ibrahim-Amadou,fr FRA,DFMF,Norwich City,26,1993,8.4,0,0,0,6,1,0,16.7,0.71,0.12,0.00,0.00,1.0,1.0,0.17,-1.0,-1.0,Matches
18,Felipe Anderson\Felipe-Anderson,br BRA,MFFW,West Ham,26,1993,16.6,1,0,0,23,8,0,34.8,1.39,0.48,0.04,0.13,2.5,2.5,0.11,-1.5,-1.5,Matches
19,Florin Andone\Florin-Andone,ro ROU,MFFW,Brighton,26,1993,0.8,1,0,0,1,1,0,100.0,1.23,1.23,1.00,1.00,0.2,0.2,0.15,+0.8,+0.8,Matches
20,Angeliño\Angelino,es ESP,DF,Manchester City,22,1997,4.7,0,0,0,5,0,0,0.0,1.06,0.00,0.00,,0.2,0.2,0.05,-0.2,-0.2,Matches
21,Faustino Anjorin\Faustino-Anjorin,eng ENG,FW,Chelsea,17,2001,0.2,0,0,0,1,0,0,0.0,4.50,0.00,0.00,,0.0,0.0,0.02,0.0,0.0,Matches
22,Michail Antonio\Michail-Antonio,eng ENG,FWMF,West Ham,29,1990,16.4,4,0,0,52,22,0,42.3,3.16,1.34,0.08,0.18,7.2,7.2,0.14,-3.2,-3.2,Matches
23,Stuart Armstrong\Stuart-Armstrong,sco SCO,MF,Southampton,27,1992,15.9,4,0,0,40,17,0,42.5,2.52,1.07,0.10,0.24,2.7,2.7,0.07,+1.3,+1.3,Matches
24,Kepa Arrizabalaga\Kepa-Arrizabalaga,es ESP,GK,Chelsea,24,1994,30.0,0,0,0,0,0,0,,0.00,0.00,,,0.0,0.0,,0.0,0.0,Matches
25,Christian Atsu\Christian-Atsu,gh GHA,FWMF,Newcastle Utd,27,1992,8.3,0,0,0,5,1,0,20.0,0.60,0.12,0.00,0.00,0.2,0.2,0.04,-0.2,-0.2,Matches
26,Pierre-Emerick Aubameyang\Pierre-Emerick-Aubameyang,ga GAB,FW,Arsenal,30,1989,31.5,20,1,1,82,37,1,45.1,2.61,1.18,0.23,0.51,14.5,13.7,0.17,+5.5,+5.3,Matches
27,Serge Aurier\Serge-Aurier,ci CIV,DF,Tottenham,26,1992,25.0,1,0,0,12,4,0,33.3,0.48,0.16,0.08,0.25,0.5,0.5,0.04,+0.5,+0.5,Matches
28,Jordan Ayew\Jordan-Ayew,gh GHA,FWMF,Crystal Palace,27,1991,31.3,9,0,0,52,23,0,44.2,1.66,0.74,0.17,0.39,6.3,6.3,0.12,+2.7,+2.7,Matches
29,César Azpilicueta\Cesar-Azpilicueta,es ESP,DF,Chelsea,29,1989,31.9,2,0,0,24,6,0,25.0,0.75,0.19,0.08,0.33,2.6,2.6,0.11,-0.6,-0.6,Matches
30,Eric Bailly\Eric-Bailly,ci CIV,DF,Manchester Utd,25,1994,1.7,0,0,0,0,0,0,,0.00,0.00,,,0.0,0.0,,0.0,0.0,Matches
31,Leighton Baines\Leighton-Baines,eng ENG,DF,Everton,34,1984,3.8,0,0,0,1,0,1,0.0,0.27,0.00,0.00,,0.1,0.1,0.05,-0.1,-0.1,Matches
32,Fabián Balbuena\Fabian-Balbuena,py PAR,DF,West Ham,27,1991,13.0,1,0,0,10,4,0,40.0,0.77,0.31,0.10,0.25,1.7,1.7,0.17,-0.7,-0.7,Matches
33,George Baldock\George-Baldock,eng ENG,DF,Sheffield Utd,26,1993,34.0,2,0,0,12,5,0,41.7,0.35,0.15,0.17,0.40,0.7,0.7,0.05,+1.3,+1.3,Matches
34,Phil Bardsley\Phil-Bardsley,sco SCO,DF,Burnley,34,1985,17.0,0,0,0,10,4,0,40.0,0.59,0.24,0.00,0.00,0.2,0.2,0.02,-0.2,-0.2,Matches
35,Ross Barkley\Ross-Barkley,eng ENG,MF,Chelsea,25,1993,11.1,1,0,0,37,11,3,29.7,3.33,0.99,0.03,0.09,2.2,2.2,0.06,-1.2,-1.2,Matches
36,Ashley Barnes\Ashley-Barnes,at AUT,FW,Burnley,29,1989,15.0,6,1,1,39,11,0,28.2,2.60,0.73,0.13,0.45,5.4,4.6,0.12,+0.6,+0.4,Matches
37,Harvey Barnes\Harvey-Barnes,eng ENG,MF,Leicester City,21,1997,21.0,6,0,0,55,22,0,40.0,2.62,1.05,0.11,0.27,7.1,7.1,0.13,-1.1,-1.1,Matches
38,Chris Basham\Chris-Basham,eng ENG,DF,Sheffield Utd,31,1988,32.8,0,0,0,6,0,0,0.0,0.18,0.00,0.00,,0.6,0.6,0.09,-0.6,-0.6,Matches
39,Borja Bastón\Borja-Baston,es ESP,MFFW,Aston Villa,26,1992,0.2,0,0,0,0,0,0,,0.00,0.00,,,0.0,0.0,,0.0,0.0,Matches
40,Michy Batshuayi\Michy-Batshuayi,be BEL,FW,Chelsea,25,1993,2.7,1,0,0,15,2,0,13.3,5.65,0.75,0.07,0.50,2.2,2.2,0.15,-1.2,-1.2,Matches
41,Jan Bednarek\Jan-Bednarek,pl POL,DF,Southampton,23,1996,31.0,1,0,0,6,1,0,16.7,0.19,0.03,0.17,1.00,1.0,1.0,0.16,0.0,0.0,Matches
42,Héctor Bellerín\Hector-Bellerin,es ESP,DF,Arsenal,24,1995,11.9,1,0,0,6,2,0,33.3,0.50,0.17,0.17,0.50,0.4,0.4,0.06,+0.6,+0.6,Matches
43,Ryan Bennett\Ryan-Bennett,eng ENG,DF,Leicester City,29,1990,1.3,0,0,0,0,0,0,,0.00,0.00,,,0.0,0.0,,0.0,0.0,Matches
44,Ryan Bennett\Ryan-Bennett,eng ENG,DF,Wolves,29,1990,6.7,0,0,0,0,0,0,,0.00,0.00,,,0.0,0.0,,0.0,0.0,Matches
45,Nabil Bentaleb\Nabil-Bentaleb,dz ALG,MF,Newcastle Utd,24,1994,5.7,0,0,0,2,0,0,0.0,0.35,0.00,0.00,,0.0,0.0,0.02,0.0,0.0,Matches
46,Christian Benteke\Christian-Benteke,be BEL,FW,Crystal Palace,28,1990,13.0,2,0,0,35,16,0,45.7,2.69,1.23,0.06,0.13,4.4,4.4,0.13,-2.4,-2.4,Matches
47,Jóhann Berg Guðmundsson\Johann-Berg-Gudmundsson,is ISL,MF,Burnley,28,1990,4.5,1,0,0,9,2,2,22.2,2.02,0.45,0.11,0.50,0.6,0.6,0.07,+0.4,+0.4,Matches
48,Sander Berge\Sander-Berge,no NOR,MF,Sheffield Utd,21,1998,7.3,1,0,0,5,2,0,40.0,0.69,0.27,0.20,0.50,0.4,0.4,0.08,+0.6,+0.6,Matches
49,Steven Bergwijn\Steven-Bergwijn,nl NED,FWMF,Tottenham,21,1997,6.3,3,0,0,9,4,0,44.4,1.42,0.63,0.33,0.75,1.2,1.2,0.13,+1.8,+1.8,Matches
50,Bernard\Bernard,br BRA,MFFW,Everton,26,1992,12.7,3,0,0,12,4,1,33.3,0.94,0.31,0.25,0.75,1.0,1.0,0.09,+2.0,+2.0,Matches
51,Bernardo\Bernardo,br BRA,DF,Brighton,24,1995,6.3,0,0,0,7,2,0,28.6,1.10,0.32,0.00,0.00,0.3,0.3,0.05,-0.3,-0.3,Matches
52,Ryan Bertrand\Ryan-Bertrand,eng ENG,DF,Southampton,29,1989,26.5,1,0,0,17,4,1,23.5,0.64,0.15,0.06,0.25,1.9,1.9,0.11,-0.9,-0.9,Matches
53,Muhamed Bešić\Muhamed-Besic,ba BIH,MF,Sheffield Utd,26,1992,2.8,0,0,0,4,2,0,50.0,1.44,0.72,0.00,0.00,0.2,0.2,0.04,-0.2,-0.2,Matches
54,Philip Billing\Philip-Billing,dk DEN,MF,Bournemouth,23,1996,25.4,1,0,0,32,8,1,25.0,1.26,0.32,0.03,0.13,2.1,2.1,0.07,-1.1,-1.1,Matches
55,Yves Bissouma\Yves-Bissouma,ml MLI,MF,Brighton,22,1996,11.1,0,0,0,14,5,0,35.7,1.26,0.45,0.00,0.00,0.3,0.3,0.02,-0.3,-0.3,Matches
56,Willy Boly\Willy-Boly,fr FRA,DF,Wolves,28,1991,18.0,0,0,0,2,2,0,100.0,0.11,0.11,0.00,0.00,0.2,0.2,0.09,-0.2,-0.2,Matches
57,Gaëtan Bong\Gaetan-Bong,cm CMR,MFDF,Brighton,31,1988,0.7,0,0,0,0,0,0,,0.00,0.00,,,0.0,0.0,,0.0,0.0,Matches
58,Sofiane Boufal\Sofiane-Boufal,ma MAR,MFFW,Southampton,25,1993,8.5,0,0,0,21,7,0,33.3,2.47,0.82,0.00,0.00,1.0,1.0,0.05,-1.0,-1.0,Matches
59,Jarrod Bowen\Jarrod-Bowen,eng ENG,FWMF,West Ham,22,1996,6.9,1,0,0,17,6,0,35.3,2.46,0.87,0.06,0.17,1.2,1.2,0.07,-0.2,-0.2,Matches
60,Robbie Brady\Robbie-Brady,ie IRL,MF,Burnley,27,1992,4.5,1,0,0,8,1,2,12.5,1.80,0.22,0.13,1.00,0.9,0.9,0.12,+0.1,+0.1,Matches
61,Claudio Bravo\Claudio-Bravo,cl CHI,GK,Manchester City,36,1983,3.9,0,0,0,0,0,0,,0.00,0.00,,,0.0,0.0,,0.0,0.0,Matches
62,Armando Broja\Armando-Broja,al ALB,FW,Chelsea,17,2001,0.1,0,0,0,0,0,0,,0.00,0.00,,,0.0,0.0,,0.0,0.0,Matches
63,David Brooks\David-Brooks,wal WAL,MF,Bournemouth,22,1997,2.6,0,0,0,1,0,0,0.0,0.39,0.00,0.00,,0.0,0.0,0.05,0.0,0.0,Matches
64,Josh Brownhill\Josh-Brownhill,eng ENG,MF,Burnley,23,1995,5.0,0,0,0,3,0,0,0.0,0.60,0.00,0.00,,0.4,0.4,0.12,-0.4,-0.4,Matches
65,Emi Buendía\Emi-Buendia,ar ARG,FWMF,Norwich City,22,1996,26.0,1,0,0,38,10,10,26.3,1.46,0.38,0.03,0.10,2.2,2.2,0.06,-1.2,-1.2,Matches
66,Dan Burn\Dan-Burn,eng ENG,DF,Brighton,27,1992,28.9,0,0,0,13,0,0,0.0,0.45,0.00,0.00,,1.0,1.0,0.07,-1.0,-1.0,Matches
67,Sam Byram\Sam-Byram,eng ENG,DF,Norwich City,25,1993,14.4,0,0,0,16,2,0,12.5,1.11,0.14,0.00,0.00,1.3,1.3,0.08,-1.3,-1.3,Matches
68,Willy Caballero\Willy-Caballero,ar ARG,GK,Chelsea,37,1981,4.0,0,0,0,0,0,0,,0.00,0.00,,,0.0,0.0,,0.0,0.0,Matches
69,Gary Cahill\Gary-Cahill,eng ENG,DF,Crystal Palace,33,1985,24.1,0,0,0,20,5,0,25.0,0.83,0.21,0.00,0.00,1.4,1.4,0.07,-1.4,-1.4,Matches
70,Dominic Calvert-Lewin\Dominic-Calvert-Lewin,eng ENG,FW,Everton,22,1997,25.2,13,0,0,76,34,0,44.7,3.02,1.35,0.17,0.38,13.8,13.8,0.18,-0.8,-0.8,Matches
71,Víctor Camarasa\Victor-Camarasa,es ESP,MF,Crystal Palace,25,1994,0.1,0,0,0,0,0,0,,0.00,0.00,,,0.0,0.0,,0.0,0.0,Matches
72,João Cancelo\Joao-Cancelo,pt POR,DF,Manchester City,25,1994,11.4,0,0,0,11,3,0,27.3,0.96,0.26,0.00,0.00,0.3,0.3,0.02,-0.3,-0.3,Matches
73,Todd Cantwell\Todd-Cantwell,eng ENG,FWMF,Norwich City,21,1998,24.8,6,0,0,39,16,0,41.0,1.57,0.64,0.15,0.38,5.7,5.7,0.15,+0.3,+0.3,Matches
74,Étienne Capoue\Etienne-Capoue,fr FRA,MF,Watford,31,1988,28.2,0,0,0,19,1,2,5.3,0.67,0.04,0.00,0.00,0.8,0.8,0.04,-0.8,-0.8,Matches
75,Andy Carroll\Andy-Carroll,eng ENG,FW,Newcastle Utd,30,1989,6.6,0,0,0,13,3,0,23.1,1.97,0.45,0.00,0.00,0.6,0.6,0.04,-0.6,-0.6,Matches
76,Jonny Castro\Jonny-Castro,es ESP,DF,Wolves,25,1994,29.4,1,0,0,16,4,0,25.0,0.54,0.14,0.06,0.25,1.1,1.1,0.07,-0.1,-0.1,Matches
77,Craig Cathcart\Craig-Cathcart,nir NIR,DF,Watford,30,1989,27.6,0,0,0,2,1,0,50.0,0.07,0.04,0.00,0.00,0.3,0.3,0.14,-0.3,-0.3,Matches
78,Dani Ceballos\Dani-Ceballos,es ESP,MF,Arsenal,22,1996,15.6,0,0,0,12,3,0,25.0,0.77,0.19,0.00,0.00,0.5,0.5,0.04,-0.5,-0.5,Matches
79,Nathaniel Chalobah\Nathaniel-Chalobah,eng ENG,MF,Watford,24,1994,9.9,0,0,0,9,0,2,0.0,0.91,0.00,0.00,,0.5,0.5,0.05,-0.5,-0.5,Matches
80,Calum Chambers\Calum-Chambers,eng ENG,DF,Arsenal,24,1995,12.2,1,0,0,12,2,0,16.7,0.98,0.16,0.08,0.50,0.6,0.6,0.05,+0.4,+0.4,Matches
81,Ben Chilwell\Ben-Chilwell,eng ENG,DF,Leicester City,22,1996,26.4,3,0,0,15,6,0,40.0,0.57,0.23,0.20,0.50,0.9,0.9,0.06,+2.1,+2.1,Matches
82,Tahith Chong\Tahith-Chong,nl NED,FWMF,Manchester Utd,19,1999,0.4,0,0,0,1,0,0,0.0,2.43,0.00,0.00,,0.1,0.1,0.06,-0.1,-0.1,Matches
83,Hamza Choudhury\Hamza-Choudhury,eng ENG,MF,Leicester City,21,1997,8.9,1,0,0,7,2,0,28.6,0.79,0.22,0.14,0.50,0.5,0.5,0.07,+0.5,+0.5,Matches
84,Andreas Christensen\Andreas-Christensen,dk DEN,DF,Chelsea,23,1996,19.0,0,0,0,7,2,0,28.6,0.37,0.11,0.00,0.00,0.7,0.7,0.10,-0.7,-0.7,Matches
85,Ciaran Clark\Ciaran-Clark,ie IRL,DF,Newcastle Utd,29,1989,13.2,2,0,0,6,4,0,66.7,0.46,0.30,0.33,0.50,1.2,1.2,0.20,+0.8,+0.8,Matches
86,Leon Clarke\Leon-Clarke,eng ENG,MF,Sheffield Utd,34,1985,0.2,0,0,0,1,0,0,0.0,6.43,0.00,0.00,,0.4,0.4,0.41,-0.4,-0.4,Matches
87,Tom Cleverley\Tom-Cleverley,eng ENG,MF,Watford,29,1989,8.6,1,0,0,16,5,0,31.3,1.86,0.58,0.06,0.20,1.5,1.5,0.09,-0.5,-0.5,Matches
88,Conor Coady\Conor-Coady,eng ENG,DF,Wolves,26,1993,34.0,0,0,0,0,0,0,,0.00,0.00,,,0.0,0.0,,0.0,0.0,Matches
89,Séamus Coleman\Seamus-Coleman,ie IRL,DF,Everton,30,1988,17.1,0,0,0,6,2,0,33.3,0.35,0.12,0.00,0.00,0.6,0.6,0.09,-0.6,-0.6,Matches
90,Aaron Connolly\Aaron-Connolly,ie IRL,FW,Brighton,19,2000,12.3,2,0,0,32,11,0,34.4,2.59,0.89,0.06,0.18,2.7,2.7,0.09,-0.7,-0.7,Matches
91,Lewis Cook\Lewis-Cook,eng ENG,MF,Bournemouth,22,1997,14.4,0,0,0,9,2,0,22.2,0.62,0.14,0.00,0.00,0.3,0.3,0.04,-0.3,-0.3,Matches
92,Steve Cook\Steve-Cook,eng ENG,DF,Bournemouth,28,1991,23.4,1,0,0,12,1,0,8.3,0.51,0.04,0.08,1.00,0.7,0.7,0.06,+0.3,+0.3,Matches
93,Jack Cork\Jack-Cork,eng ENG,MF,Burnley,30,1989,29.0,0,0,0,18,5,0,27.8,0.62,0.17,0.00,0.00,1.8,1.8,0.10,-1.8,-1.8,Matches
94,Aaron Cresswell\Aaron-Cresswell,eng ENG,DF,West Ham,29,1989,27.5,3,0,0,17,5,6,29.4,0.62,0.18,0.18,0.60,1.3,1.3,0.07,+1.7,+1.7,Matches
95,Patrick Cutrone\Patrick-Cutrone,it ITA,FW,Wolves,21,1998,3.3,2,0,0,11,3,0,27.3,3.33,0.91,0.18,0.67,2.3,2.3,0.21,-0.3,-0.3,Matches
96,Diogo Dalot\Diogo-Dalot,pt POR,DF,Manchester Utd,20,1999,0.7,0,0,0,1,0,0,0.0,1.34,0.00,0.00,,0.1,0.1,0.15,-0.1,-0.1,Matches
97,Charlie Daniels\Charlie-Daniels,eng ENG,DF,Bournemouth,32,1986,1.4,0,0,0,0,0,0,,0.00,0.00,,,0.0,0.0,,0.0,0.0,Matches
98,Scott Dann\Scott-Dann,eng ENG,DF,Crystal Palace,32,1987,10.1,0,0,0,5,1,0,20.0,0.50,0.10,0.00,0.00,0.4,0.4,0.07,-0.4,-0.4,Matches
99,Kevin Danso\Kevin-Danso,at AUT,DF,Southampton,20,1998,3.1,0,0,0,1,0,0,0.0,0.32,0.00,0.00,,0.1,0.1,0.09,-0.1,-0.1,Matches
100,Ben Davies\Ben-Davies,wal WAL,DF,Tottenham,26,1993,10.9,0,0,0,4,0,0,0.0,0.37,0.00,0.00,,0.2,0.2,0.04,-0.2,-0.2,Matches
101,Tom Davies\Tom-Davies,eng ENG,MF,Everton,21,1998,18.0,1,0,0,16,5,0,31.3,0.89,0.28,0.06,0.20,1.9,1.9,0.12,-0.9,-0.9,Matches
102,Keinan Davis\Keinan-Davis,eng ENG,FW,Aston Villa,21,1998,4.8,0,0,0,14,5,0,35.7,2.89,1.03,0.00,0.00,1.9,1.9,0.13,-1.9,-1.9,Matches
103,Craig Dawson\Craig-Dawson,eng ENG,DF,Watford,29,1990,22.2,2,0,0,15,6,0,40.0,0.67,0.27,0.13,0.33,1.3,1.3,0.09,+0.7,+0.7,Matches
104,Kevin De Bruyne\Kevin-De-Bruyne,be BEL,MF,Manchester City,28,1991,28.3,11,2,2,89,24,9,27.0,3.14,0.85,0.10,0.38,7.4,6.0,0.07,+3.6,+3.0,Matches
105,Troy Deeney\Troy-Deeney,eng ENG,FW,Watford,31,1988,21.3,6,2,3,32,14,0,43.8,1.50,0.66,0.13,0.29,6.6,4.3,0.14,-0.6,-0.3,Matches
106,Fabian Delph\Fabian-Delph,eng ENG,MF,Everton,29,1989,13.2,0,0,0,3,0,0,0.0,0.23,0.00,0.00,,0.1,0.1,0.02,-0.1,-0.1,Matches
107,Leander Dendoncker\Leander-Dendoncker,be BEL,MFDF,Wolves,24,1995,28.0,3,0,0,19,4,0,21.1,0.68,0.14,0.16,0.75,1.6,1.6,0.09,+1.4,+1.4,Matches
108,Gerard Deulofeu\Gerard-Deulofeu,es ESP,FW,Watford,25,1994,23.3,4,1,1,63,22,8,34.9,2.70,0.94,0.05,0.14,5.3,4.5,0.07,-1.3,-1.5,Matches
109,Eric Dier\Eric-Dier,eng ENG,DFMF,Tottenham,25,1994,13.9,0,0,0,8,1,1,12.5,0.57,0.07,0.00,0.00,1.1,1.1,0.13,-1.1,-1.1,Matches
110,Lucas Digne\Lucas-Digne,fr FRA,DF,Everton,26,1993,28.9,0,0,0,24,5,11,20.8,0.83,0.17,0.00,0.00,1.2,1.2,0.05,-1.2,-1.2,Matches
111,Virgil van Dijk\Virgil-van-Dijk,nl NED,DF,Liverpool,28,1991,34.0,4,0,0,25,11,0,44.0,0.74,0.32,0.16,0.36,2.3,2.3,0.10,+1.7,+1.7,Matches
112,Issa Diop\Issa-Diop,fr FRA,DF,West Ham,22,1997,26.7,3,0,0,14,6,0,42.9,0.52,0.22,0.21,0.50,1.5,1.5,0.11,+1.5,+1.5,Matches
113,Moussa Djenepo\Moussa-Djenepo,ml MLI,MFDF,Southampton,21,1998,10.3,2,0,0,20,7,0,35.0,1.94,0.68,0.10,0.29,2.4,2.4,0.12,-0.4,-0.4,Matches
114,Matt Doherty\Matt-Doherty,ie IRL,DF,Wolves,27,1992,28.7,4,0,0,31,15,0,48.4,1.08,0.52,0.13,0.27,4.9,4.9,0.16,-0.9,-0.9,Matches
115,Abdoulaye Doucouré\Abdoulaye-Doucoure,fr FRA,MF,Watford,26,1993,31.5,4,0,0,56,12,0,21.4,1.78,0.38,0.07,0.33,4.6,4.6,0.08,-0.6,-0.6,Matches
116,Thomas Doyle\Thomas-Doyle,eng ENG,MF,Manchester City,17,2001,0.2,0,0,0,1,1,,100.0,5.63,5.63,0.00,0.00,,,,,,Matches
117,Danny Drinkwater\Danny-Drinkwater,eng ENG,MF,Aston Villa,29,1990,2.9,0,0,0,2,0,0,0.0,0.69,0.00,0.00,,0.1,0.1,0.05,-0.1,-0.1,Matches
118,Danny Drinkwater\Danny-Drinkwater,eng ENG,MF,Burnley,29,1990,0.6,0,0,0,0,0,0,,0.00,0.00,,,0.0,0.0,,0.0,0.0,Matches
119,Josip Drmić\Josip-Drmic,ch SUI,FWMF,Norwich City,26,1992,5.8,1,0,0,13,5,0,38.5,2.23,0.86,0.08,0.20,2.8,2.8,0.25,-1.8,-1.8,Matches
120,Martin Dúbravka\Martin-Dubravka,sk SVK,GK,Newcastle Utd,30,1989,34.0,0,0,0,0,0,0,,0.00,0.00,,,0.0,0.0,,0.0,0.0,Matches
121,Ondrej Duda\Ondrej-Duda,sk SVK,MF,Norwich City,24,1994,8.0,0,0,0,10,3,2,30.0,1.24,0.37,0.00,0.00,0.8,0.8,0.08,-0.8,-0.8,Matches
122,Shane Duffy\Shane-Duffy,ie IRL,DF,Brighton,27,1992,13.7,1,0,0,6,1,0,16.7,0.44,0.07,0.17,1.00,1.6,1.6,0.27,-0.6,-0.6,Matches
123,Paul Dummett\Paul-Dummett,wal WAL,DF,Newcastle Utd,27,1991,13.6,0,0,0,1,1,0,100.0,0.07,0.07,0.00,0.00,0.0,0.0,0.03,0.0,0.0,Matches
124,Lewis Dunk\Lewis-Dunk,eng ENG,DF,Brighton,27,1991,31.9,3,0,0,28,9,5,32.1,0.88,0.28,0.11,0.33,3.8,3.8,0.14,-0.8,-0.8,Matches
125,Ederson\Ederson,br BRA,GK,Manchester City,25,1993,30.1,0,0,0,0,0,0,,0.00,0.00,,,0.0,0.0,,0.0,0.0,Matches
126,John Egan\John-Egan,ie IRL,DF,Sheffield Utd,26,1992,31.4,2,0,0,24,5,0,20.8,0.76,0.16,0.08,0.40,2.0,2.0,0.08,-1.0,-1.0,Matches
127,Harvey Elliot\Harvey-Elliot,eng ENG,DF,Liverpool,16,2003,0.1,0,0,0,0,0,0,,0.00,0.00,,,0.0,0.0,,0.0,0.0,Matches
128,Ahmed Elmohamady\Ahmed-Elmohamady,eg EGY,DF,Aston Villa,31,1987,9.2,1,0,0,5,1,0,20.0,0.54,0.11,0.20,1.00,0.3,0.3,0.05,+0.7,+0.7,Matches
129,Björn Engels\Bjorn-Engels,be BEL,DF,Aston Villa,24,1994,16.1,1,0,0,7,1,0,14.3,0.44,0.06,0.14,1.00,0.9,0.9,0.12,+0.1,+0.1,Matches
130,Christian Eriksen\Christian-Eriksen,dk DEN,MFFW,Tottenham,27,1992,12.2,2,0,0,26,9,7,34.6,2.13,0.74,0.08,0.22,2.0,2.0,0.08,0.0,0.0,Matches
131,Jonny Evans\Jonny-Evans,nir NIR,DF,Leicester City,31,1988,33.6,1,0,0,24,10,0,41.7,0.71,0.30,0.04,0.10,2.6,2.6,0.11,-1.6,-1.6,Matches
132,Łukasz Fabiański\Lukasz-Fabianski,pl POL,GK,West Ham,34,1985,19.5,0,0,0,0,0,0,,0.00,0.00,,,0.0,0.0,,0.0,0.0,Matches
133,Fabinho\Fabinho,br BRA,MF,Liverpool,25,1993,20.1,2,0,0,11,4,2,36.4,0.55,0.20,0.18,0.50,0.3,0.3,0.03,+1.7,+1.7,Matches
134,Ralf Fährmann\Ralf-Fahrmann,de GER,GK,Norwich City,30,1988,0.2,0,0,0,0,0,0,,0.00,0.00,,,0.0,0.0,,0.0,0.0,Matches
135,Kiko Femenía\Kiko-Femenia,es ESP,DF,Watford,28,1991,21.4,0,0,0,4,1,0,25.0,0.19,0.05,0.00,0.00,0.1,0.1,0.03,-0.1,-0.1,Matches
136,Bruno Fernandes\Bruno-Fernandes,pt POR,MF,Manchester Utd,24,1994,8.5,6,2,2,31,13,6,41.9,3.63,1.52,0.13,0.31,3.6,2.1,0.07,+2.4,+1.9,Matches
137,Gedson Fernandes\Gedson-Fernandes,pt POR,MFDF,Tottenham,20,1999,0.7,0,0,0,2,0,0,0.0,2.77,0.00,0.00,,0.1,0.1,0.03,-0.1,-0.1,Matches
138,Federico Fernández\Federico-Fernandez,ar ARG,DF,Newcastle Utd,30,1989,25.1,2,0,0,14,5,0,35.7,0.56,0.20,0.14,0.40,1.6,1.6,0.11,+0.4,+0.4,Matches
139,Fernandinho\Fernandinho,br BRA,DF,Manchester City,34,1985,24.9,0,0,0,14,2,0,14.3,0.56,0.08,0.00,0.00,0.9,0.9,0.07,-0.9,-0.9,Matches
140,Roberto Firmino\Roberto-Firmino,br BRA,FW,Liverpool,27,1991,30.3,8,0,0,95,36,0,37.9,3.14,1.19,0.08,0.22,12.9,12.9,0.14,-4.9,-4.9,Matches
141,John Fleck\John-Fleck,sco SCO,MF,Sheffield Utd,27,1991,26.1,5,0,0,32,12,0,37.5,1.23,0.46,0.16,0.42,3.4,3.4,0.11,+1.6,+1.6,Matches
142,Phil Foden\Phil-Foden,eng ENG,FWMF,Manchester City,19,2000,7.2,4,0,0,22,11,0,50.0,3.05,1.53,0.18,0.36,1.9,1.9,0.08,+2.1,+2.1,Matches
143,Pablo Fornals\Pablo-Fornals,es ESP,MFFW,West Ham,23,1996,20.7,2,0,0,36,12,0,33.3,1.74,0.58,0.06,0.17,2.8,2.8,0.08,-0.8,-0.8,Matches
144,Ben Foster\Ben-Foster,eng ENG,GK,Watford,36,1983,34.0,0,0,0,1,1,0,100.0,0.03,0.03,0.00,0.00,0.1,0.1,0.07,-0.1,-0.1,Matches
145,Dimitri Foulquier\Dimitri-Foulquier,fr FRA,MFDF,Watford,26,1993,0.7,0,0,0,0,0,0,,0.00,0.00,,,0.0,0.0,,0.0,0.0,Matches
146,Juan Foyth\Juan-Foyth,ar ARG,DF,Tottenham,21,1998,0.8,0,0,0,0,0,0,,0.00,0.00,,,0.0,0.0,,0.0,0.0,Matches
147,Simon Francis\Simon-Francis,eng ENG,DF,Bournemouth,34,1985,10.8,0,0,0,3,0,0,0.0,0.28,0.00,0.00,,0.2,0.2,0.06,-0.2,-0.2,Matches
148,Ryan Fraser\Ryan-Fraser,sco SCO,MFFW,Bournemouth,25,1994,23.0,1,0,0,27,12,2,44.4,1.18,0.52,0.04,0.08,3.3,3.3,0.12,-2.3,-2.3,Matches
149,Fred\Fred,br BRA,MF,Manchester Utd,26,1993,23.5,0,0,0,39,10,3,25.6,1.66,0.43,0.00,0.00,1.8,1.8,0.05,-1.8,-1.8,Matches
150,Ryan Fredericks\Ryan-Fredericks,eng ENG,DF,West Ham,26,1992,22.9,0,0,0,1,0,0,0.0,0.04,0.00,0.00,,0.0,0.0,0.02,0.0,0.0,Matches
151,Kieron Freeman\Kieron-Freeman,wal WAL,FW,Sheffield Utd,27,1992,0.1,0,0,0,0,0,0,,0.00,0.00,,,0.0,0.0,,0.0,0.0,Matches
152,Luke Freeman\Luke-Freeman,eng ENG,MF,Sheffield Utd,27,1992,4.1,0,0,0,3,0,0,0.0,0.74,0.00,0.00,,0.1,0.1,0.02,-0.1,-0.1,Matches
153,Christian Fuchs\Christian-Fuchs,at AUT,DF,Leicester City,33,1986,7.6,0,0,0,5,1,2,20.0,0.66,0.13,0.00,0.00,0.1,0.1,0.03,-0.1,-0.1,Matches
154,Eric García\Eric-Garcia,es ESP,DF,Manchester City,18,2001,6.0,0,0,0,0,0,0,,0.00,0.00,,,0.0,0.0,,0.0,0.0,Matches
155,James Garner\James-Garner,eng ENG,MF,Manchester Utd,18,2001,0.1,0,0,0,0,0,0,,0.00,0.00,,,0.0,0.0,,0.0,0.0,Matches
156,Dwight Gayle\Dwight-Gayle,eng ENG,FW,Newcastle Utd,28,1990,6.3,2,0,0,14,7,1,50.0,2.24,1.12,0.14,0.29,2.9,2.9,0.20,-0.9,-0.9,Matches
157,Paulo Gazzaniga\Paulo-Gazzaniga,ar ARG,GK,Tottenham,27,1992,17.9,0,0,0,0,0,0,,0.00,0.00,,,0.0,0.0,,0.0,0.0,Matches
158,Jean-Philippe Gbamin\Jean-Philippe-Gbamin,ci CIV,MF,Everton,23,1995,1.5,0,0,0,0,0,0,,0.00,0.00,,,0.0,0.0,,0.0,0.0,Matches
159,David de Gea\David-de-Gea,es ESP,GK,Manchester Utd,28,1990,33.0,0,0,0,0,0,0,,0.00,0.00,,,0.0,0.0,,0.0,0.0,Matches
160,Anwar El Ghazi\Anwar-El-Ghazi,nl NED,FWMF,Aston Villa,24,1995,21.8,4,1,1,48,19,5,39.6,2.20,0.87,0.06,0.16,5.7,4.9,0.10,-1.7,-1.9,Matches
161,Morgan Gibbs-White\Morgan-Gibbs-White,eng ENG,MFFW,Wolves,19,2000,1.4,0,0,0,2,0,0,0.0,1.40,0.00,0.00,,0.1,0.1,0.04,-0.1,-0.1,Matches
162,Billy Gilmour\Billy-Gilmour,sco SCO,MF,Chelsea,18,2001,2.2,0,0,0,1,0,0,0.0,0.46,0.00,0.00,,0.1,0.1,0.06,-0.1,-0.1,Matches
163,Olivier Giroud\Olivier-Giroud,fr FRA,FW,Chelsea,32,1986,8.3,5,0,0,25,13,1,52.0,3.01,1.56,0.20,0.38,3.5,3.5,0.14,+1.5,+1.5,Matches
164,Ben Godfrey\Ben-Godfrey,eng ENG,DF,Norwich City,21,1998,25.4,0,0,0,12,4,0,33.3,0.47,0.16,0.00,0.00,0.6,0.6,0.05,-0.6,-0.6,Matches
165,André Gomes\Andre-Gomes,pt POR,MF,Everton,26,1993,12.7,0,0,0,4,0,0,0.0,0.31,0.00,0.00,,0.3,0.3,0.07,-0.3,-0.3,Matches
166,Angel Gomes\Angel-Gomes,eng ENG,MF,Manchester Utd,18,2000,0.2,0,0,0,0,0,0,,0.00,0.00,,,0.0,0.0,,0.0,0.0,Matches
167,Joe Gomez\Joe-Gomez,eng ENG,DF,Liverpool,22,1997,18.3,0,0,0,1,0,0,0.0,0.05,0.00,0.00,,0.0,0.0,0.02,0.0,0.0,Matches
168,Anthony Gordon\Anthony-Gordon,eng ENG,MFFW,Everton,18,2001,2.7,0,0,0,4,1,0,25.0,1.48,0.37,0.00,0.00,0.2,0.2,0.06,-0.2,-0.2,Matches
169,Dan Gosling\Dan-Gosling,eng ENG,MF,Bournemouth,29,1990,10.7,3,0,0,9,5,0,55.6,0.84,0.47,0.33,0.60,2.0,2.0,0.22,+1.0,+1.0,Matches
170,Andre Gray\Andre-Gray,eng ENG,FW,Watford,28,1991,8.1,2,0,0,19,6,0,31.6,2.34,0.74,0.11,0.33,2.8,2.8,0.15,-0.8,-0.8,Matches
171,Demarai Gray\Demarai-Gray,eng ENG,MFFW,Leicester City,23,1996,6.0,1,0,1,13,4,0,30.8,2.15,0.66,0.08,0.25,2.0,1.2,0.09,-1.0,-0.2,Matches
172,Jack Grealish\Jack-Grealish,eng ENG,FWMF,Aston Villa,23,1995,30.9,7,0,1,58,18,0,31.0,1.88,0.58,0.12,0.39,5.8,5.0,0.09,+1.2,+2.0,Matches
173,Mason Greenwood\Mason-Greenwood,eng ENG,FWMF,Manchester Utd,17,2001,10.4,8,0,0,30,16,0,53.3,2.90,1.55,0.27,0.50,2.7,2.7,0.09,+5.3,+5.3,Matches
174,Arnaut Groeneveld\Arnaut-Groeneveld,nl NED,MF,Bournemouth,22,1997,6.5,0,0,0,13,4,1,30.8,2.00,0.62,0.00,0.00,0.9,0.9,0.07,-0.9,-0.9,Matches
175,Pascal Groß\Pascal-Gross,de GER,FWMF,Brighton,28,1991,18.3,2,0,0,27,9,4,33.3,1.48,0.49,0.07,0.22,1.8,1.8,0.07,+0.2,+0.2,Matches
176,Vicente Guaita\Vicente-Guaita,es ESP,GK,Crystal Palace,32,1987,31.0,0,0,0,0,0,0,,0.00,0.00,,,0.0,0.0,,0.0,0.0,Matches
177,Mattéo Guendouzi\Matteo-Guendouzi,fr FRA,MF,Arsenal,20,1999,19.4,0,0,0,11,5,0,45.5,0.57,0.26,0.00,0.00,0.6,0.6,0.05,-0.6,-0.6,Matches
178,Frederic Guilbert\Frederic-Guilbert,fr FRA,DF,Aston Villa,24,1994,21.1,0,0,0,7,3,0,42.9,0.33,0.14,0.00,0.00,0.3,0.3,0.04,-0.3,-0.3,Matches
179,İlkay Gündoğan\Ilkay-Gundogan,de GER,MF,Manchester City,28,1990,21.2,2,1,2,30,6,2,20.0,1.42,0.28,0.03,0.17,4.5,2.9,0.10,-2.5,-1.9,Matches
180,Angus Gunn\Angus-Gunn,eng ENG,GK,Southampton,23,1996,10.0,0,0,0,0,0,0,,0.00,0.00,,,0.0,0.0,,0.0,0.0,Matches
181,Sébastien Haller\Sebastien-Haller,fr FRA,FW,West Ham,25,1994,24.2,7,0,0,52,26,0,50.0,2.15,1.08,0.13,0.27,7.0,7.0,0.14,0.0,0.0,Matches
182,Grant Hanley\Grant-Hanley,sco SCO,DF,Norwich City,27,1991,14.0,0,0,0,7,2,0,28.6,0.50,0.14,0.00,0.00,0.5,0.5,0.07,-0.5,-0.5,Matches
183,Kortney Hause\Kortney-Hause,eng ENG,DF,Aston Villa,24,1995,16.0,1,0,0,19,3,0,15.8,1.19,0.19,0.05,0.33,2.1,2.1,0.12,-1.1,-1.1,Matches
184,Isaac Hayden\Isaac-Hayden,eng ENG,MF,Newcastle Utd,24,1995,24.5,1,0,0,17,3,0,17.6,0.69,0.12,0.06,0.33,1.1,1.1,0.06,-0.1,-0.1,Matches
185,Tom Heaton\Tom-Heaton,eng ENG,GK,Aston Villa,33,1986,19.9,0,0,0,0,0,0,,0.00,0.00,,,0.0,0.0,,0.0,0.0,Matches
186,Dean Henderson\Dean-Henderson,eng ENG,GK,Sheffield Utd,22,1997,32.0,0,0,0,1,0,0,0.0,0.03,0.00,0.00,,0.0,0.0,0.05,0.0,0.0,Matches
187,Jordan Henderson\Jordan-Henderson,eng ENG,MF,Liverpool,29,1990,24.9,4,0,0,20,8,0,40.0,0.80,0.32,0.20,0.50,1.3,1.3,0.07,+1.7,+1.7,Matches
188,Jeff Hendrick\Jeff-Hendrick,ie IRL,MF,Burnley,27,1992,21.5,2,0,0,22,6,1,27.3,1.03,0.28,0.09,0.33,1.7,1.7,0.08,+0.3,+0.3,Matches
189,Wayne Hennessey\Wayne-Hennessey,wal WAL,GK,Crystal Palace,32,1987,3.0,0,0,0,0,0,0,,0.00,0.00,,,0.0,0.0,,0.0,0.0,Matches
190,Javier Hernández\Javier-Hernandez,mx MEX,FW,West Ham,31,1988,1.2,1,0,0,3,2,1,66.7,2.52,1.68,0.33,0.50,0.7,0.7,0.25,+0.3,+0.3,Matches
191,Onel Hernández\Onel-Hernandez,cu CUB,FWMF,Norwich City,26,1993,11.8,1,0,0,26,6,0,23.1,2.20,0.51,0.04,0.17,1.7,1.7,0.06,-0.7,-0.7,Matches
192,Son Heung-min\Son-Heung-min,kr KOR,FW,Tottenham,27,1992,23.2,9,0,1,72,34,1,47.2,3.11,1.47,0.13,0.26,7.5,6.7,0.09,+1.5,+2.3,Matches
193,Rob Holding\Rob-Holding,eng ENG,DF,Arsenal,23,1995,3.5,0,0,0,0,0,0,,0.00,0.00,,,0.0,0.0,,0.0,0.0,Matches
194,José Holebas\Jose-Holebas,gr GRE,DF,Watford,35,1984,11.4,0,0,0,6,3,1,50.0,0.53,0.26,0.00,0.00,0.4,0.4,0.07,-0.4,-0.4,Matches
195,Mason Holgate\Mason-Holgate,eng ENG,DF,Everton,22,1996,22.7,0,0,0,12,5,0,41.7,0.53,0.22,0.00,0.00,2.3,2.3,0.19,-2.3,-2.3,Matches
196,Nathan Holland\Nathan-Holland,eng ENG,MF,West Ham,21,1998,0.4,0,0,0,1,1,0,100.0,2.73,2.73,0.00,0.00,0.0,0.0,0.04,0.0,0.0,Matches
197,Conor Hourihane\Conor-Hourihane,ie IRL,MF,Aston Villa,28,1991,13.2,3,0,0,22,8,2,36.4,1.67,0.61,0.14,0.38,1.3,1.3,0.06,+1.7,+1.7,Matches
198,Callum Hudson-Odoi\Callum-Hudson-Odoi,eng ENG,FW,Chelsea,18,2000,8.8,1,0,0,22,4,0,18.2,2.50,0.45,0.05,0.25,2.0,2.0,0.09,-1.0,-1.0,Matches
199,Will Hughes\Will-Hughes,eng ENG,MFFW,Watford,24,1995,21.1,1,0,0,24,2,0,8.3,1.14,0.09,0.04,0.50,2.7,2.7,0.11,-1.7,-1.7,Matches
200,Pierre Højbjerg\Pierre-Hojbjerg,dk DEN,MF,Southampton,23,1995,29.2,0,0,0,42,8,0,19.0,1.44,0.27,0.00,0.00,2.3,2.3,0.05,-2.3,-2.3,Matches
201,Jordon Ibe\Jordon-Ibe,eng ENG,DF,Bournemouth,23,1995,0.6,0,0,0,0,0,0,,0.00,0.00,,,0.0,0.0,,0.0,0.0,Matches
202,Adam Idah\Adam-Idah,ie IRL,FWMF,Norwich City,18,2001,1.9,0,0,0,5,1,0,20.0,2.57,0.51,0.00,0.00,0.9,0.9,0.19,-0.9,-0.9,Matches
203,Odion Ighalo\Odion-Ighalo,ng NGA,FW,Manchester Utd,30,1989,0.9,0,0,0,6,3,0,50.0,6.59,3.29,0.00,0.00,1.4,1.4,0.24,-1.4,-1.4,Matches
204,Kelechi Iheanacho\Kelechi-Iheanacho,ng NGA,FWMF,Leicester City,22,1996,9.2,5,0,0,28,14,0,50.0,3.05,1.53,0.18,0.36,4.4,4.4,0.16,+0.6,+0.6,Matches
205,Danny Ings\Danny-Ings,eng ENG,FW,Southampton,27,1992,26.2,18,0,0,77,31,0,40.3,2.94,1.18,0.23,0.58,12.6,12.6,0.17,+5.4,+5.4,Matches
206,Alex Iwobi\Alex-Iwobi,ng NGA,MFFW,Everton,23,1996,16.2,1,0,0,21,8,0,38.1,1.30,0.49,0.05,0.13,2.1,2.1,0.10,-1.1,-1.1,Matches
207,Phil Jagielka\Phil-Jagielka,eng ENG,DF,Sheffield Utd,36,1982,2.5,0,0,0,0,0,0,,0.00,0.00,,,0.0,0.0,,0.0,0.0,Matches
208,Alireza Jahanbakhsh\Alireza-Jahanbakhsh,ir IRN,FWMF,Brighton,25,1993,3.2,2,0,0,11,2,0,18.2,3.43,0.62,0.18,1.00,0.5,0.5,0.05,+1.5,+1.5,Matches
209,Daniel James\Daniel-James,wal WAL,FW,Manchester Utd,21,1997,25.2,3,0,0,41,19,0,46.3,1.63,0.75,0.07,0.16,3.3,3.3,0.08,-0.3,-0.3,Matches
210,Matty James\Matty-James,eng ENG,MF,Leicester City,28,1991,0.1,0,0,0,0,0,0,,0.00,0.00,,,0.0,0.0,,0.0,0.0,Matches
211,Reece James\Reece-James,eng ENG,DF,Chelsea,19,1999,13.9,0,0,0,15,2,0,13.3,1.08,0.14,0.00,0.00,0.7,0.7,0.04,-0.7,-0.7,Matches
212,Daryl Janmaat\Daryl-Janmaat,nl NED,DF,Watford,30,1989,6.7,0,0,0,4,0,0,0.0,0.59,0.00,0.00,,0.3,0.3,0.07,-0.3,-0.3,Matches
213,Gabriel Jesus\Gabriel-Jesus,br BRA,FW,Manchester City,22,1997,19.0,11,0,1,83,37,0,44.6,4.37,1.95,0.13,0.30,15.0,14.2,0.17,-5.0,-4.2,Matches
214,Raúl Jiménez\Raul-Jimenez,mx MEX,FW,Wolves,28,1991,32.2,15,3,3,104,35,0,33.7,3.23,1.09,0.12,0.34,13.7,11.4,0.11,+1.3,+0.6,Matches
215,Joelinton\Joelinton,br BRA,FW,Newcastle Utd,22,1996,28.7,2,0,0,50,15,0,30.0,1.74,0.52,0.04,0.13,4.8,4.8,0.10,-2.8,-2.8,Matches
216,Curtis Jones\Curtis-Jones,eng ENG,MF,Liverpool,18,2001,0.3,1,0,0,3,1,0,33.3,10.00,3.33,0.33,1.00,0.4,0.4,0.13,+0.6,+0.6,Matches
217,Phil Jones\Phil-Jones,eng ENG,DF,Manchester Utd,27,1992,1.5,0,0,0,2,1,0,50.0,1.33,0.67,0.00,0.00,0.2,0.2,0.11,-0.2,-0.2,Matches
218,Jorginho\Jorginho,it ITA,MF,Chelsea,27,1991,22.5,4,3,3,10,1,0,10.0,0.45,0.04,0.10,1.00,3.5,1.2,0.12,+0.5,-0.2,Matches
219,Jota\Jota,es ESP,FWMF,Aston Villa,28,1991,3.7,0,0,0,6,1,0,16.7,1.61,0.27,0.00,0.00,0.3,0.3,0.05,-0.3,-0.3,Matches
220,Diogo Jota\Diogo-Jota,pt POR,FWMF,Wolves,22,1996,23.0,6,0,0,64,23,0,35.9,2.78,1.00,0.09,0.26,8.9,8.9,0.14,-2.9,-2.9,Matches
221,James Justin\James-Justin,eng ENG,DF,Leicester City,21,1998,7.2,0,0,0,5,0,0,0.0,0.69,0.00,0.00,,0.3,0.3,0.06,-0.3,-0.3,Matches
222,Christian Kabasele\Christian-Kabasele,be BEL,DF,Watford,28,1991,21.0,0,0,0,6,1,0,16.7,0.29,0.05,0.00,0.00,0.9,0.9,0.16,-0.9,-0.9,Matches
223,Harry Kane\Harry-Kane,eng ENG,FW,Tottenham,26,1993,23.8,13,2,2,65,25,6,38.5,2.74,1.05,0.17,0.44,8.9,7.4,0.12,+4.1,+3.6,Matches
224,N'Golo Kanté\NGolo-Kante,fr FRA,MF,Chelsea,28,1991,19.2,3,0,0,18,6,0,33.3,0.94,0.31,0.17,0.50,1.6,1.6,0.09,+1.4,+1.4,Matches
225,Moise Kean\Moise-Kean,it ITA,FWMF,Everton,19,2000,7.9,1,0,0,25,10,0,40.0,3.15,1.26,0.04,0.10,3.1,3.1,0.12,-2.1,-2.1,Matches
226,Michael Keane\Michael-Keane,eng ENG,DF,Everton,26,1993,23.4,2,0,0,12,4,0,33.3,0.51,0.17,0.17,0.50,1.6,1.6,0.13,+0.4,+0.4,Matches
227,Naby Keïta\Naby-Keita,gn GUI,MF,Liverpool,24,1995,6.8,1,0,0,8,5,0,62.5,1.17,0.73,0.13,0.20,1.4,1.4,0.18,-0.4,-0.4,Matches
228,Lloyd Kelly\Lloyd-Kelly,eng ENG,DF,Bournemouth,20,1998,2.1,0,0,0,0,0,0,,0.00,0.00,,,0.0,0.0,,0.0,0.0,Matches
229,Martin Kelly\Martin-Kelly,eng ENG,DF,Crystal Palace,29,1990,17.2,0,0,0,3,0,0,0.0,0.17,0.00,0.00,,0.1,0.1,0.03,-0.1,-0.1,Matches
230,Max Kilman\Max-Kilman,eng ENG,DF,Wolves,22,1997,2.1,0,0,0,0,0,0,,0.00,0.00,,,0.0,0.0,,0.0,0.0,Matches
231,Joshua King\Joshua-King,no NOR,FWMF,Bournemouth,27,1992,18.8,5,2,2,19,8,0,42.1,1.01,0.43,0.16,0.38,5.7,4.2,0.22,-0.7,-1.2,Matches
232,Timm Klose\Timm-Klose,ch SUI,DF,Norwich City,31,1988,4.0,0,0,0,3,0,0,0.0,0.75,0.00,0.00,,0.4,0.4,0.13,-0.4,-0.4,Matches
233,Jonathan Kodjia\Jonathan-Kodjia,ci CIV,FWMF,Aston Villa,29,1989,1.3,0,0,0,2,0,0,0.0,1.54,0.00,0.00,,0.1,0.1,0.03,-0.1,-0.1,Matches
234,Sead Kolašinac\Sead-Kolasinac,ba BIH,DF,Arsenal,26,1993,16.5,0,0,0,3,0,0,0.0,0.18,0.00,0.00,,0.7,0.7,0.24,-0.7,-0.7,Matches
235,Ezri Konsa\Ezri-Konsa,eng ENG,DF,Aston Villa,21,1998,17.7,0,0,0,9,2,0,22.2,0.51,0.11,0.00,0.00,0.6,0.6,0.07,-0.6,-0.6,Matches
236,Cheikhou Kouyaté\Cheikhou-Kouyate,sn SEN,MF,Crystal Palace,29,1989,25.6,1,0,0,22,5,0,22.7,0.86,0.20,0.05,0.20,1.8,1.8,0.08,-0.8,-0.8,Matches
237,Mateo Kovačić\Mateo-Kovacic,hr CRO,MF,Chelsea,25,1994,20.1,1,0,0,21,5,0,23.8,1.04,0.25,0.05,0.20,1.2,1.2,0.06,-0.2,-0.2,Matches
238,Emil Krafth\Emil-Krafth,se SWE,DF,Newcastle Utd,24,1994,9.2,0,0,0,3,0,0,0.0,0.33,0.00,0.00,,0.2,0.2,0.08,-0.2,-0.2,Matches
239,Tim Krul\Tim-Krul,nl NED,GK,Norwich City,31,1988,32.0,0,0,0,0,0,0,,0.00,0.00,,,0.0,0.0,,0.0,0.0,Matches
240,Alexandre Lacazette\Alexandre-Lacazette,fr FRA,FW,Arsenal,28,1991,17.6,8,0,0,51,24,3,47.1,2.90,1.37,0.16,0.33,7.4,7.4,0.15,+0.6,+0.6,Matches
241,Adam Lallana\Adam-Lallana,eng ENG,MFFW,Liverpool,31,1988,4.2,1,0,0,5,1,0,20.0,1.18,0.24,0.20,1.00,1.1,1.1,0.21,-0.1,-0.1,Matches
242,Érik Lamela\Erik-Lamela,ar ARG,MFFW,Tottenham,27,1992,12.0,2,0,0,25,7,4,28.0,2.08,0.58,0.08,0.29,2.3,2.3,0.10,-0.3,-0.3,Matches
243,Tariq Lamptey\Tariq-Lamptey,eng ENG,DFMF,Brighton,18,2000,3.5,0,0,0,1,0,0,0.0,0.29,0.00,0.00,,0.0,0.0,0.00,0.0,0.0,Matches
244,Tariq Lamptey\Tariq-Lamptey,eng ENG,DF,Chelsea,18,2000,0.4,0,0,0,0,0,0,,0.00,0.00,,,0.0,0.0,,0.0,0.0,Matches
245,Henri Lansbury\Henri-Lansbury,eng ENG,MF,Aston Villa,28,1990,2.2,0,0,0,2,0,0,0.0,0.93,0.00,0.00,,0.1,0.1,0.05,-0.1,-0.1,Matches
246,Manuel Lanzini\Manuel-Lanzini,ar ARG,MFFW,West Ham,26,1993,15.1,0,0,0,22,7,2,31.8,1.46,0.46,0.00,0.00,1.9,1.9,0.09,-1.9,-1.9,Matches
247,Aymeric Laporte\Aymeric-Laporte,fr FRA,DF,Manchester City,25,1994,9.4,0,0,0,3,0,0,0.0,0.32,0.00,0.00,,0.2,0.2,0.08,-0.2,-0.2,Matches
248,Jamaal Lascelles\Jamaal-Lascelles,eng ENG,DF,Newcastle Utd,25,1993,22.1,1,0,0,9,2,0,22.2,0.41,0.09,0.11,0.50,0.4,0.4,0.04,+0.6,+0.6,Matches
249,Valentino Lazaro\Valentino-Lazaro,at AUT,DFFW,Newcastle Utd,23,1996,3.8,1,0,0,3,1,0,33.3,0.78,0.26,0.33,1.00,0.4,0.4,0.15,+0.6,+0.6,Matches
250,Moritz Leitner\Moritz-Leitner,de GER,MF,Norwich City,26,1992,7.6,0,0,0,8,0,0,0.0,1.05,0.00,0.00,,0.2,0.2,0.03,-0.2,-0.2,Matches
251,Florian Lejeune\Florian-Lejeune,fr FRA,DF,Newcastle Utd,28,1991,4.9,2,0,0,4,3,0,75.0,0.81,0.61,0.50,0.67,0.7,0.7,0.17,+1.3,+1.3,Matches
252,Aaron Lennon\Aaron-Lennon,eng ENG,MF,Burnley,32,1987,5.5,0,0,0,1,0,0,0.0,0.18,0.00,0.00,,0.0,0.0,0.03,0.0,0.0,Matches
253,Bernd Leno\Bernd-Leno,de GER,GK,Arsenal,27,1992,29.4,0,0,0,0,0,0,,0.00,0.00,,,0.0,0.0,,0.0,0.0,Matches
254,Jefferson Lerma\Jefferson-Lerma,co COL,MF,Bournemouth,24,1994,25.1,1,0,0,26,2,0,7.7,1.03,0.08,0.04,0.50,1.0,1.0,0.04,0.0,0.0,Matches
255,Jamal Lewis\Jamal-Lewis,nir NIR,DF,Norwich City,21,1998,21.6,1,0,0,8,4,0,50.0,0.37,0.19,0.13,0.25,0.3,0.3,0.04,+0.7,+0.7,Matches
256,Victor Lindelöf\Victor-Lindelof,se SWE,DF,Manchester Utd,25,1994,29.4,1,0,0,6,1,0,16.7,0.20,0.03,0.17,1.00,0.4,0.4,0.06,+0.6,+0.6,Matches
257,Jesse Lingard\Jesse-Lingard,eng ENG,MFFW,Manchester Utd,26,1992,9.9,0,0,0,20,5,0,25.0,2.02,0.50,0.00,0.00,1.9,1.9,0.09,-1.9,-1.9,Matches
258,Hugo Lloris\Hugo-Lloris,fr FRA,GK,Tottenham,32,1986,15.1,0,0,0,0,0,0,,0.00,0.00,,,0.0,0.0,,0.0,0.0,Matches
259,Giovani Lo Celso\Giovani-Lo-Celso,ar ARG,MFFW,Tottenham,23,1996,13.0,0,0,0,15,2,1,13.3,1.16,0.15,0.00,0.00,1.1,1.1,0.07,-1.1,-1.1,Matches
260,Jürgen Locadia\Jurgen-Locadia,nl NED,MFFW,Brighton,25,1993,1.0,0,0,0,2,1,0,50.0,2.09,1.05,0.00,0.00,0.4,0.4,0.19,-0.4,-0.4,Matches
261,Ruben Loftus-Cheek\Ruben-Loftus-Cheek,eng ENG,MFFW,Chelsea,23,1996,1.4,0,0,0,3,0,0,0.0,2.20,0.00,0.00,,0.5,0.5,0.16,-0.5,-0.5,Matches
262,Kevin Long\Kevin-Long,ie IRL,DF,Burnley,28,1990,2.3,0,0,0,0,0,0,,0.00,0.00,,,0.0,0.0,,0.0,0.0,Matches
263,Shane Long\Shane-Long,ie IRL,FW,Southampton,32,1987,14.2,2,0,0,32,12,0,37.5,2.26,0.85,0.06,0.17,4.7,4.7,0.15,-2.7,-2.7,Matches
264,Matthew Longstaff\Matthew-Longstaff,eng ENG,MF,Newcastle Utd,19,2000,6.3,2,0,0,4,2,0,50.0,0.63,0.32,0.50,1.00,0.3,0.3,0.09,+1.7,+1.7,Matches
265,Sean Longstaff\Sean-Longstaff,eng ENG,MF,Newcastle Utd,21,1997,14.8,1,0,0,25,6,3,24.0,1.68,0.40,0.04,0.17,1.0,1.0,0.04,0.0,0.0,Matches
266,Dejan Lovren\Dejan-Lovren,hr CRO,DF,Liverpool,30,1989,8.6,0,0,0,5,1,0,20.0,0.58,0.12,0.00,0.00,0.4,0.4,0.07,-0.4,-0.4,Matches
267,Matthew Lowton\Matthew-Lowton,eng ENG,DF,Burnley,30,1989,17.0,0,0,0,0,0,0,,0.00,0.00,,,0.0,0.0,,0.0,0.0,Matches
268,David Luiz\David-Luiz,br BRA,DF,Arsenal,32,1987,27.6,2,0,0,22,7,7,31.8,0.80,0.25,0.09,0.29,1.8,1.8,0.08,+0.2,+0.2,Matches
269,Douglas Luiz\Douglas-Luiz,br BRA,MF,Aston Villa,21,1998,24.1,3,0,0,35,12,2,34.3,1.45,0.50,0.09,0.25,2.2,2.2,0.06,+0.8,+0.8,Matches
270,John Lundstram\John-Lundstram,eng ENG,MF,Sheffield Utd,25,1994,25.3,4,0,0,41,9,0,22.0,1.62,0.36,0.10,0.44,4.4,4.4,0.11,-0.4,-0.4,Matches
271,Alexis Mac Allister\Alexis-Mac-Allister,ar ARG,MFFW,Brighton,20,1998,2.6,0,0,0,4,0,1,0.0,1.56,0.00,0.00,,0.1,0.1,0.03,-0.1,-0.1,Matches
272,James Maddison\James-Maddison,eng ENG,MF,Leicester City,22,1996,29.2,6,0,0,74,18,14,24.3,2.54,0.62,0.08,0.33,5.0,5.0,0.07,+1.0,+1.0,Matches
273,Harry Maguire\Harry-Maguire,eng ENG,DF,Manchester Utd,26,1993,33.0,1,0,0,29,8,0,27.6,0.88,0.24,0.03,0.13,2.0,2.0,0.07,-1.0,-1.0,Matches
274,Riyad Mahrez\Riyad-Mahrez,dz ALG,FWMF,Manchester City,28,1991,19.6,10,1,1,63,29,6,46.0,3.21,1.48,0.14,0.31,5.4,4.7,0.07,+3.6,+3.3,Matches
275,Ainsley Maitland-Niles\Ainsley-Maitland-Niles,eng ENG,DF,Arsenal,21,1997,14.2,0,0,0,3,0,0,0.0,0.21,0.00,0.00,,0.2,0.2,0.07,-0.2,-0.2,Matches
276,Sadio Mané\Sadio-Mane,sn SEN,FW,Liverpool,27,1992,27.3,16,0,0,65,31,0,47.7,2.38,1.14,0.25,0.52,12.2,12.2,0.20,+3.8,+3.8,Matches
277,Javier Manquillo\Javier-Manquillo,es ESP,DF,Newcastle Utd,25,1994,14.8,0,0,0,1,0,0,0.0,0.07,0.00,0.00,,0.0,0.0,0.04,0.0,0.0,Matches
278,Solly March\Solly-March,eng ENG,FWDF,Brighton,25,1994,10.7,0,0,0,20,8,1,40.0,1.87,0.75,0.00,0.00,1.2,1.2,0.06,-1.2,-1.2,Matches
279,Pablo Marí\Pablo-Mari,es ESP,DF,Arsenal,25,1993,1.3,0,0,0,0,0,0,,0.00,0.00,,,0.0,0.0,,0.0,0.0,Matches
280,Adrian Mariappa\Adrian-Mariappa,jm JAM,DF,Watford,32,1986,14.8,0,0,0,3,0,0,0.0,0.20,0.00,0.00,,0.3,0.3,0.10,-0.3,-0.3,Matches
281,Anthony Martial\Anthony-Martial,fr FRA,FW,Manchester Utd,23,1995,24.3,15,0,1,68,33,0,48.5,2.80,1.36,0.22,0.45,9.6,8.9,0.13,+5.4,+6.1,Matches
282,David Martin\David-Martin,eng ENG,GK,West Ham,33,1986,4.8,0,0,0,0,0,0,,0.00,0.00,,,0.0,0.0,,0.0,0.0,Matches
283,Josh Martin\Josh-Martin,eng ENG,FW,Norwich City,17,2001,0.1,0,0,0,0,0,0,,0.00,0.00,,,0.0,0.0,,0.0,0.0,Matches
284,Martinelli\Martinelli,br BRA,FW,Arsenal,18,2001,7.4,3,0,0,12,5,0,41.7,1.63,0.68,0.25,0.60,2.3,2.3,0.19,+0.7,+0.7,Matches
285,Emiliano Martínez\Emiliano-Martinez,ar ARG,GK,Arsenal,26,1992,4.6,0,0,0,0,0,0,,0.00,0.00,,,0.0,0.0,,0.0,0.0,Matches
286,Adam Masina\Adam-Masina,it ITA,DF,Watford,25,1994,17.7,1,0,0,13,3,1,23.1,0.73,0.17,0.08,0.33,0.5,0.5,0.04,+0.5,+0.5,Matches
287,Arthur Masuaku\Arthur-Masuaku,cd COD,DF,West Ham,25,1993,10.1,0,0,0,5,2,0,40.0,0.49,0.20,0.00,0.00,0.1,0.1,0.02,-0.1,-0.1,Matches
288,Juan Mata\Juan-Mata,es ESP,MFFW,Manchester Utd,31,1988,8.4,0,0,0,9,1,2,11.1,1.07,0.12,0.00,0.00,1.2,1.2,0.14,-1.2,-1.2,Matches
289,Nemanja Matić\Nemanja-Matic,rs SRB,MF,Manchester Utd,30,1988,13.5,0,0,0,7,2,0,28.6,0.52,0.15,0.00,0.00,0.2,0.2,0.03,-0.2,-0.2,Matches
290,Joël Matip\Joel-Matip,cm CMR,DF,Liverpool,27,1991,7.8,1,0,0,4,1,0,25.0,0.51,0.13,0.25,1.00,0.4,0.4,0.10,+0.6,+0.6,Matches
291,Neal Maupay\Neal-Maupay,fr FRA,FW,Brighton,22,1996,27.6,9,1,2,83,33,0,39.8,3.01,1.20,0.10,0.24,10.7,9.1,0.11,-1.7,-1.1,Matches
292,James McArthur\James-McArthur,sco SCO,MF,Crystal Palace,31,1987,31.3,0,0,0,28,6,0,21.4,0.90,0.19,0.00,0.00,2.4,2.4,0.08,-2.4,-2.4,Matches
293,Oliver McBurnie\Oliver-McBurnie,sco SCO,FW,Sheffield Utd,23,1996,20.6,5,0,0,45,22,0,48.9,2.19,1.07,0.11,0.23,7.9,7.9,0.18,-2.9,-2.9,Matches
294,Alex McCarthy\Alex-McCarthy,eng ENG,GK,Southampton,29,1989,23.0,0,0,0,0,0,0,,0.00,0.00,,,0.0,0.0,,0.0,0.0,Matches
295,James McCarthy\James-McCarthy,ie IRL,MF,Crystal Palace,28,1990,15.3,0,0,0,9,2,0,22.2,0.59,0.13,0.00,0.00,0.4,0.4,0.04,-0.4,-0.4,Matches
296,John McGinn\John-McGinn,sco SCO,MF,Aston Villa,24,1994,21.1,3,0,0,45,16,0,35.6,2.14,0.76,0.07,0.19,3.0,3.0,0.07,0.0,0.0,Matches
297,David McGoldrick\David-McGoldrick,ie IRL,FW,Sheffield Utd,31,1987,17.7,0,0,0,40,17,0,42.5,2.26,0.96,0.00,0.00,5.9,5.9,0.15,-5.9,-5.9,Matches
298,Michael McGovern\Michael-McGovern,nir NIR,GK,Norwich City,35,1984,1.8,0,0,0,0,0,0,,0.00,0.00,,,0.0,0.0,,0.0,0.0,Matches
299,Kenny McLean\Kenny-McLean,sco SCO,MF,Norwich City,27,1992,29.8,1,0,0,29,10,2,34.5,0.97,0.34,0.03,0.10,1.5,1.5,0.05,-0.5,-0.5,Matches
300,Dwight McNeil\Dwight-McNeil,eng ENG,MF,Burnley,19,1999,33.1,2,0,0,42,13,9,31.0,1.27,0.39,0.05,0.15,2.2,2.2,0.05,-0.2,-0.2,Matches
301,Scott McTominay\Scott-McTominay,sco SCO,MF,Manchester Utd,22,1996,18.6,4,0,0,30,10,0,33.3,1.61,0.54,0.13,0.40,1.5,1.5,0.05,+2.5,+2.5,Matches
302,Ben Mee\Ben-Mee,eng ENG,DF,Burnley,29,1989,32.0,1,0,0,18,5,0,27.8,0.56,0.16,0.06,0.20,1.6,1.6,0.09,-0.6,-0.6,Matches
303,Benjamin Mendy\Benjamin-Mendy,fr FRA,DF,Manchester City,25,1994,15.0,0,0,0,8,1,0,12.5,0.53,0.07,0.00,0.00,0.2,0.2,0.03,-0.2,-0.2,Matches
304,Nampalys Mendy\Nampalys-Mendy,fr FRA,MF,Leicester City,27,1992,3.0,0,0,0,1,1,0,100.0,0.33,0.33,0.00,0.00,0.0,0.0,0.02,0.0,0.0,Matches
305,Chris Mepham\Chris-Mepham,wal WAL,DF,Bournemouth,21,1997,10.1,1,0,0,6,1,0,16.7,0.59,0.10,0.17,1.00,0.6,0.6,0.10,+0.4,+0.4,Matches
306,Max Meyer\Max-Meyer,de GER,MFFW,Crystal Palace,23,1995,7.1,0,0,0,9,2,0,22.2,1.27,0.28,0.00,0.00,0.7,0.7,0.08,-0.7,-0.7,Matches
307,Luka Milivojević\Luka-Milivojevic,rs SRB,MF,Crystal Palace,28,1991,26.0,3,2,2,28,6,10,21.4,1.08,0.23,0.04,0.17,2.4,0.9,0.03,+0.6,+0.1,Matches
308,James Milner\James-Milner,eng ENG,MFDF,Liverpool,33,1986,9.1,2,2,2,10,1,0,10.0,1.09,0.11,0.00,0.00,2.0,0.5,0.05,0.0,-0.5,Matches
309,Yerry Mina\Yerry-Mina,co COL,DF,Everton,24,1994,24.0,2,0,0,29,10,0,34.5,1.21,0.42,0.07,0.20,2.6,2.6,0.09,-0.6,-0.6,Matches
310,Takumi Minamino\Takumi-Minamino,jp JPN,FWMF,Liverpool,24,1995,1.7,0,0,0,4,0,0,0.0,2.37,0.00,0.00,,0.9,0.9,0.22,-0.9,-0.9,Matches
311,Tyrone Mings\Tyrone-Mings,eng ENG,DF,Aston Villa,26,1993,27.2,2,0,0,9,4,0,44.4,0.33,0.15,0.22,0.50,1.1,1.1,0.12,+0.9,+0.9,Matches
312,Tyrick Mitchell\Tyrick-Mitchell,eng ENG,DF,Crystal Palace,19,1999,0.1,0,0,0,0,0,0,,0.00,0.00,,,0.0,0.0,,0.0,0.0,Matches
313,Henrikh Mkhitaryan\Henrikh-Mkhitaryan,am ARM,FW,Arsenal,30,1989,1.2,0,0,0,2,0,0,0.0,1.61,0.00,0.00,,0.2,0.2,0.11,-0.2,-0.2,Matches
314,Nacho Monreal\Nacho-Monreal,es ESP,DF,Arsenal,33,1986,3.0,0,0,0,1,0,0,0.0,0.33,0.00,0.00,,0.1,0.1,0.08,-0.1,-0.1,Matches
315,Martín Montoya\Martin-Montoya,es ESP,DF,Brighton,28,1991,20.2,0,0,0,8,3,0,37.5,0.40,0.15,0.00,0.00,1.3,1.3,0.16,-1.3,-1.3,Matches
316,Simon Moore\Simon-Moore,eng ENG,GK,Sheffield Utd,29,1990,2.0,0,0,0,0,0,0,,0.00,0.00,,,0.0,0.0,,0.0,0.0,Matches
317,Aaron Mooy\Aaron-Mooy,au AUS,MFFW,Brighton,28,1990,21.0,2,0,0,32,8,0,25.0,1.52,0.38,0.06,0.25,2.0,2.0,0.06,0.0,0.0,Matches
318,Wesley Moraes\Wesley-Moraes,br BRA,FW,Aston Villa,22,1996,19.8,5,0,1,35,17,0,48.6,1.77,0.86,0.14,0.29,5.2,4.3,0.12,-0.2,+0.7,Matches
319,Wes Morgan\Wes-Morgan,jm JAM,DF,Leicester City,35,1984,1.8,0,0,0,1,1,0,100.0,0.54,0.54,0.00,0.00,0.0,0.0,0.05,0.0,0.0,Matches
320,Ravel Morrison\Ravel-Morrison,eng ENG,MF,Sheffield Utd,26,1993,0.1,0,0,0,1,0,0,0.0,6.92,0.00,0.00,,0.0,0.0,0.04,0.0,0.0,Matches
321,Mason Mount\Mason-Mount,eng ENG,MFFW,Chelsea,20,1999,29.8,6,0,0,75,28,11,37.3,2.52,0.94,0.08,0.21,6.4,6.4,0.09,-0.4,-0.4,Matches
322,Lucas Moura\Lucas-Moura,br BRA,FWMF,Tottenham,26,1992,21.4,4,0,0,49,12,0,24.5,2.29,0.56,0.08,0.33,5.6,5.6,0.11,-1.6,-1.6,Matches
323,Lys Mousset\Lys-Mousset,fr FRA,FW,Sheffield Utd,23,1996,13.0,6,0,0,34,9,0,26.5,2.62,0.69,0.18,0.67,4.2,4.2,0.12,+1.8,+1.8,Matches
324,João Moutinho\Joao-Moutinho,pt POR,MF,Wolves,32,1986,32.0,1,0,0,22,6,4,27.3,0.69,0.19,0.05,0.17,0.8,0.8,0.04,+0.2,+0.2,Matches
325,Glenn Murray\Glenn-Murray,eng ENG,FW,Brighton,35,1983,8.0,1,0,0,14,4,0,28.6,1.75,0.50,0.07,0.25,2.1,2.1,0.15,-1.1,-1.1,Matches
326,Shkodran Mustafi\Shkodran-Mustafi,de GER,DF,Arsenal,27,1992,12.4,0,0,0,9,2,0,22.2,0.73,0.16,0.00,0.00,0.7,0.7,0.08,-0.7,-0.7,Matches
327,Yoshinori Mutō\Yoshinori-Muto,jp JPN,FWMF,Newcastle Utd,27,1992,2.4,0,0,0,1,0,0,0.0,0.42,0.00,0.00,,0.1,0.1,0.09,-0.1,-0.1,Matches
328,Georges-Kévin N'Koudou\Georges-Kevin-NKoudou,fr FRA,FW,Tottenham,24,1995,0.0,0,0,0,1,0,0,0.0,30.00,0.00,0.00,,0.0,0.0,0.02,0.0,0.0,Matches
329,Marvelous Nakamba\Marvelous-Nakamba,zw ZIM,MF,Aston Villa,25,1994,19.6,0,0,0,7,1,0,14.3,0.36,0.05,0.00,0.00,0.2,0.2,0.03,-0.2,-0.2,Matches
330,Wilfred Ndidi\Wilfred-Ndidi,ng NGA,MF,Leicester City,22,1996,25.9,2,0,0,23,2,0,8.7,0.89,0.08,0.09,1.00,1.8,1.8,0.08,+0.2,+0.2,Matches
331,Tanguy Ndombele\Tanguy-Ndombele,fr FRA,MF,Tottenham,22,1996,10.7,2,0,0,9,4,0,44.4,0.84,0.37,0.22,0.50,0.4,0.4,0.04,+1.6,+1.6,Matches
332,Reiss Nelson\Reiss-Nelson,eng ENG,FW,Arsenal,19,1999,6.1,0,0,0,9,3,0,33.3,1.48,0.49,0.00,0.00,0.6,0.6,0.07,-0.6,-0.6,Matches
333,Pedro Neto\Pedro-Neto,pt POR,FWMF,Wolves,19,2000,9.1,3,0,0,16,5,0,31.3,1.76,0.55,0.19,0.60,1.9,1.9,0.12,+1.1,+1.1,Matches
334,Rúben Neves\Ruben-Neves,pt POR,MF,Wolves,22,1997,30.3,2,0,0,56,9,6,16.1,1.85,0.30,0.04,0.22,1.4,1.4,0.02,+0.6,+0.6,Matches
335,Jeremy Ngakia\Jeremy-Ngakia,eng ENG,DF,West Ham,18,2000,4.9,0,0,0,1,1,0,100.0,0.20,0.20,0.00,0.00,0.0,0.0,0.03,0.0,0.0,Matches
336,Oumar Niasse\Oumar-Niasse,sn SEN,FW,Everton,29,1990,0.2,0,0,0,0,0,0,,0.00,0.00,,,0.0,0.0,,0.0,0.0,Matches
337,Eddie Nketiah\Eddie-Nketiah,eng ENG,FW,Arsenal,20,1999,5.7,2,0,0,13,5,0,38.5,2.30,0.88,0.15,0.40,3.1,3.1,0.24,-1.1,-1.1,Matches
338,Mark Noble\Mark-Noble,eng ENG,MF,West Ham,32,1987,25.9,4,3,3,14,3,0,21.4,0.54,0.12,0.07,0.33,2.9,0.6,0.04,+1.1,+0.4,Matches
339,Oliver Norwood\Oliver-Norwood,nir NIR,MF,Sheffield Utd,28,1991,31.5,1,1,1,16,5,4,31.3,0.51,0.16,0.00,0.00,1.5,0.7,0.04,-0.5,-0.7,Matches
340,Ørjan Nyland\Orjan-Nyland,no NOR,GK,Aston Villa,28,1990,6.0,0,0,0,0,0,0,,0.00,0.00,,,0.0,0.0,,0.0,0.0,Matches
341,Jack O'Connell\Jack-OConnell,eng ENG,DF,Sheffield Utd,25,1994,29.4,0,0,0,16,2,0,12.5,0.54,0.07,0.00,0.00,1.3,1.3,0.08,-1.3,-1.3,Matches
342,Michael Obafemi\Michael-Obafemi,ie IRL,FW,Southampton,19,2000,6.8,2,0,0,11,3,0,27.3,1.61,0.44,0.18,0.67,1.1,1.1,0.10,+0.9,+0.9,Matches
343,Angelo Ogbonna\Angelo-Ogbonna,it ITA,DF,West Ham,31,1988,27.0,2,0,0,13,4,0,30.8,0.48,0.15,0.15,0.50,1.5,1.5,0.12,+0.5,+0.5,Matches
344,Divock Origi\Divock-Origi,be BEL,FW,Liverpool,24,1995,7.1,3,0,0,12,5,0,41.7,1.68,0.70,0.25,0.60,2.1,2.1,0.18,+0.9,+0.9,Matches
345,Ben Osborn\Ben-Osborn,eng ENG,MFDF,Sheffield Utd,24,1994,4.4,0,0,0,1,1,0,100.0,0.23,0.23,0.00,0.00,0.0,0.0,0.00,0.0,0.0,Matches
346,Nicolás Otamendi\Nicolas-Otamendi,ar ARG,DF,Manchester City,31,1988,18.1,2,0,0,15,7,0,46.7,0.83,0.39,0.13,0.29,2.3,2.3,0.15,-0.3,-0.3,Matches
347,Alex Oxlade-Chamberlain\Alex-Oxlade-Chamberlain,eng ENG,MFFW,Liverpool,25,1993,14.9,3,0,0,36,8,0,22.2,2.42,0.54,0.08,0.38,2.4,2.4,0.07,+0.6,+0.6,Matches
348,Mesut Özil\Mesut-Ozil,de GER,MF,Arsenal,30,1988,16.0,1,0,0,9,3,0,33.3,0.56,0.19,0.11,0.33,1.4,1.4,0.16,-0.4,-0.4,Matches
349,Emerson Palmieri\Emerson-Palmieri,it ITA,DF,Chelsea,24,1994,11.3,0,0,0,13,7,1,53.8,1.15,0.62,0.00,0.00,0.9,0.9,0.07,-0.9,-0.9,Matches
350,Sokratis Papastathopoulos\Sokratis-Papastathopoulos,gr GRE,DF,Arsenal,31,1988,18.8,2,0,0,7,2,0,28.6,0.37,0.11,0.29,1.00,1.1,1.1,0.16,+0.9,+0.9,Matches
351,Troy Parrott\Troy-Parrott,ie IRL,MF,Tottenham,17,2002,0.1,0,0,0,0,0,0,,0.00,0.00,,,0.0,0.0,,0.0,0.0,Matches
352,Rui Patrício\Rui-Patricio,pt POR,GK,Wolves,31,1988,34.0,0,0,0,0,0,0,,0.00,0.00,,,0.0,0.0,,0.0,0.0,Matches
353,Pedro\Pedro,es ESP,FW,Chelsea,32,1987,7.3,1,0,0,23,9,0,39.1,3.16,1.24,0.04,0.11,2.6,2.6,0.11,-1.6,-1.6,Matches
354,João Pedro\Joao-Pedro,br BRA,FW,Watford,17,2001,0.2,0,0,0,0,0,0,,0.00,0.00,,,0.0,0.0,,0.0,0.0,Matches
355,Nicolas Pépé\Nicolas-Pepe,ci CIV,FW,Arsenal,24,1995,19.4,5,1,1,45,15,6,33.3,2.32,0.77,0.09,0.27,4.4,3.7,0.08,+0.6,+0.3,Matches
356,Andreas Pereira\Andreas-Pereira,br BRA,MFFW,Manchester Utd,23,1996,16.5,1,0,0,37,14,3,37.8,2.24,0.85,0.03,0.07,2.3,2.3,0.06,-1.3,-1.3,Matches
357,Ricardo Pereira\Ricardo-Pereira,pt POR,DF,Leicester City,25,1993,28.0,3,0,0,17,5,0,29.4,0.61,0.18,0.18,0.60,1.2,1.1,0.06,+1.8,+1.9,Matches
358,Roberto Pereyra\Roberto-Pereyra,ar ARG,FWMF,Watford,28,1991,16.4,3,1,1,17,7,3,41.2,1.04,0.43,0.12,0.29,2.3,1.5,0.09,+0.7,+0.5,Matches
359,Ayoze Pérez\Ayoze-Perez,es ESP,MFFW,Leicester City,26,1993,19.7,7,1,1,38,16,0,42.1,1.93,0.81,0.16,0.38,5.3,4.5,0.12,+1.7,+1.5,Matches
360,Jordan Pickford\Jordan-Pickford,eng ENG,GK,Everton,25,1994,33.0,0,0,0,0,0,0,,0.00,0.00,,,0.0,0.0,,0.0,0.0,Matches
361,Brandon Pierrick\Brandon-Pierrick,eng ENG,DFFW,Crystal Palace,17,2001,0.2,0,0,0,0,0,0,,0.00,0.00,,,0.0,0.0,,0.0,0.0,Matches
362,Erik Pieters\Erik-Pieters,nl NED,DFMF,Burnley,30,1988,17.2,0,0,0,11,3,0,27.3,0.64,0.17,0.00,0.00,0.5,0.5,0.05,-0.5,-0.5,Matches
363,Daniel Podence\Daniel-Podence,pt POR,MFFW,Wolves,23,1995,0.5,0,0,0,2,0,0,0.0,3.83,0.00,0.00,,0.3,0.3,0.14,-0.3,-0.3,Matches
364,Paul Pogba\Paul-Pogba,fr FRA,MF,Manchester Utd,26,1993,8.7,0,0,1,17,5,2,29.4,1.96,0.58,0.00,0.00,1.9,1.1,0.07,-1.9,-1.1,Matches
365,Nick Pope\Nick-Pope,eng ENG,GK,Burnley,27,1992,34.0,0,0,0,0,0,0,,0.00,0.00,,,0.0,0.0,,0.0,0.0,Matches
366,Dennis Praet\Dennis-Praet,be BEL,MF,Leicester City,25,1994,11.7,1,0,0,14,3,0,21.4,1.20,0.26,0.07,0.33,1.3,1.3,0.09,-0.3,-0.3,Matches
367,Sebastian Prödl\Sebastian-Prodl,at AUT,DF,Watford,32,1987,0.6,0,0,0,2,0,0,0.0,3.21,0.00,0.00,,0.1,0.1,0.04,-0.1,-0.1,Matches
368,Davy Pröpper\Davy-Propper,nl NED,MF,Brighton,27,1991,29.6,1,0,0,30,8,0,26.7,1.01,0.27,0.03,0.13,1.4,1.4,0.05,-0.4,-0.4,Matches
369,Teemu Pukki\Teemu-Pukki,fi FIN,FW,Norwich City,29,1990,30.3,11,2,2,77,31,0,40.3,2.54,1.02,0.12,0.29,12.4,10.9,0.14,-1.4,-1.9,Matches
370,Christian Pulisic\Christian-Pulisic,us USA,FW,Chelsea,20,1998,16.3,8,0,0,53,22,0,41.5,3.25,1.35,0.15,0.36,7.5,7.5,0.14,+0.5,+0.5,Matches
371,Ignacio Pussetto\Ignacio-Pussetto,ar ARG,FWDF,Watford,23,1995,0.8,0,0,0,0,0,0,,0.00,0.00,,,0.0,0.0,,0.0,0.0,Matches
372,Domingos Quina\Domingos-Quina,pt POR,MF,Watford,19,1999,0.2,0,0,0,1,1,0,100.0,4.09,4.09,0.00,0.00,0.0,0.0,0.03,0.0,0.0,Matches
373,Aaron Ramsdale\Aaron-Ramsdale,eng ENG,GK,Bournemouth,21,1998,32.0,0,0,0,0,0,0,,0.00,0.00,,,0.0,0.0,,0.0,0.0,Matches
374,Darren Randolph\Darren-Randolph,ie IRL,GK,West Ham,32,1987,2.0,0,0,0,0,0,0,,0.00,0.00,,,0.0,0.0,,0.0,0.0,Matches
375,Marcus Rashford\Marcus-Rashford,eng ENG,FW,Manchester Utd,21,1997,24.4,15,6,8,72,31,15,43.1,2.95,1.27,0.13,0.29,15.6,9.5,0.13,-0.6,-0.5,Matches
376,Nathan Redmond\Nathan-Redmond,eng ENG,MFFW,Southampton,25,1994,25.7,4,0,0,51,17,2,33.3,1.99,0.66,0.08,0.24,4.5,4.5,0.09,-0.5,-0.5,Matches
377,Pepe Reina\Pepe-Reina,es ESP,GK,Aston Villa,36,1982,7.0,0,0,0,0,0,0,,0.00,0.00,,,0.0,0.0,,0.0,0.0,Matches
378,Declan Rice\Declan-Rice,eng ENG,MF,West Ham,20,1999,34.0,0,0,0,21,8,0,38.1,0.62,0.24,0.00,0.00,0.8,0.8,0.04,-0.8,-0.8,Matches
379,Richarlison\Richarlison,br BRA,FW,Everton,22,1997,29.6,11,0,0,83,29,0,34.9,2.80,0.98,0.13,0.38,8.3,8.3,0.10,+2.7,+2.7,Matches
380,Diego Rico\Diego-Rico,es ESP,DF,Bournemouth,26,1993,20.9,0,0,0,9,3,1,33.3,0.43,0.14,0.00,0.00,0.3,0.3,0.04,-0.3,-0.3,Matches
381,Jaïro Riedewald\Jairo-Riedewald,nl NED,DFMF,Crystal Palace,22,1996,7.7,0,0,0,3,0,0,0.0,0.39,0.00,0.00,,0.1,0.1,0.02,-0.1,-0.1,Matches
382,Matt Ritchie\Matt-Ritchie,sco SCO,DFMF,Newcastle Utd,29,1989,10.8,1,0,1,21,5,1,23.8,1.94,0.46,0.05,0.20,1.4,0.6,0.03,-0.4,+0.4,Matches
383,Roberto\Roberto,es ESP,GK,West Ham,33,1986,7.6,0,0,0,0,0,0,,0.00,0.00,,,0.0,0.0,,0.0,0.0,Matches
384,Patrick Roberts\Patrick-Roberts,eng ENG,MFFW,Norwich City,22,1997,0.3,0,0,0,0,0,0,,0.00,0.00,,,0.0,0.0,,0.0,0.0,Matches
385,Andrew Robertson\Andrew-Robertson,sco SCO,DF,Liverpool,25,1994,30.6,1,0,0,17,5,0,29.4,0.56,0.16,0.06,0.20,1.3,1.3,0.08,-0.3,-0.3,Matches
386,Callum Robinson\Callum-Robinson,ie IRL,FW,Sheffield Utd,24,1995,7.5,1,0,0,13,3,0,23.1,1.73,0.40,0.08,0.33,2.1,2.1,0.16,-1.1,-1.1,Matches
387,Jack Robinson\Jack-Robinson,eng ENG,DF,Sheffield Utd,25,1993,4.6,0,0,0,0,0,0,,0.00,0.00,,,0.0,0.0,,0.0,0.0,Matches
388,Rodri\Rodri,es ESP,MF,Manchester City,23,1996,25.1,3,0,0,20,8,0,40.0,0.80,0.32,0.15,0.38,0.9,0.9,0.05,+2.1,+2.1,Matches
389,Jay Rodriguez\Jay-Rodriguez,eng ENG,FW,Burnley,30,1989,19.0,7,1,1,49,21,0,42.9,2.58,1.11,0.12,0.29,5.8,5.1,0.10,+0.2,-0.1,Matches
390,Jack Rodwell\Jack-Rodwell,eng ENG,MF,Sheffield Utd,28,1991,0.2,0,0,0,0,0,0,,0.00,0.00,,,0.0,0.0,,0.0,0.0,Matches
391,Marcos Rojo\Marcos-Rojo,ar ARG,DF,Manchester Utd,29,1990,1.4,0,0,0,1,0,0,0.0,0.74,0.00,0.00,,0.1,0.1,0.11,-0.1,-0.1,Matches
392,Oriol Romeu\Oriol-Romeu,es ESP,MF,Southampton,27,1991,16.6,0,0,0,5,0,0,0.0,0.30,0.00,0.00,,0.2,0.2,0.04,-0.2,-0.2,Matches
393,Danny Rose\Danny-Rose,eng ENG,DF,Tottenham,29,1990,9.9,0,0,0,2,0,0,0.0,0.20,0.00,0.00,,0.1,0.1,0.06,-0.1,-0.1,Matches
394,Danny Rose\Danny-Rose,eng ENG,DF,Newcastle Utd,29,1990,6.9,0,0,0,0,0,0,,0.00,0.00,,,0.0,0.0,,0.0,0.0,Matches
395,Antonio Rüdiger\Antonio-Rudiger,de GER,DF,Chelsea,26,1993,15.5,2,0,0,9,3,0,33.3,0.58,0.19,0.22,0.67,0.4,0.4,0.05,+1.6,+1.6,Matches
396,Lukas Rupp\Lukas-Rupp,de GER,FWMF,Norwich City,28,1991,5.3,0,0,0,4,2,0,50.0,0.75,0.37,0.00,0.00,0.4,0.4,0.10,-0.4,-0.4,Matches
397,Mathew Ryan\Mathew-Ryan,au AUS,GK,Brighton,27,1992,34.0,0,0,0,0,0,0,,0.00,0.00,,,0.0,0.0,,0.0,0.0,Matches
398,Allan Saint-Maximin\Allan-Saint-Maximin,fr FRA,MFFW,Newcastle Utd,22,1997,17.4,3,0,0,39,17,0,43.6,2.24,0.98,0.08,0.18,2.9,2.9,0.07,+0.1,+0.1,Matches
399,Romain Saïss\Romain-Saiss,ma MAR,DF,Wolves,29,1990,27.1,2,0,0,22,8,1,36.4,0.81,0.30,0.09,0.25,2.4,2.4,0.11,-0.4,-0.4,Matches
400,Bukayo Saka\Bukayo-Saka,eng ENG,DFFW,Arsenal,17,2001,17.7,1,0,0,11,4,0,36.4,0.62,0.23,0.09,0.25,1.1,1.1,0.10,-0.1,-0.1,Matches
401,Mamadou Sakho\Mamadou-Sakho,fr FRA,DF,Crystal Palace,29,1990,8.1,0,0,0,0,0,0,,0.00,0.00,,,0.0,0.0,,0.0,0.0,Matches
402,Mohamed Salah\Mohamed-Salah,eg EGY,FW,Liverpool,27,1992,28.9,19,3,3,114,49,3,43.0,3.95,1.70,0.14,0.33,15.9,13.6,0.12,+1.1,+0.4,Matches
403,Mbwana Samatta\Mbwana-Samatta,tz TAN,FW,Aston Villa,26,1992,6.7,1,0,0,11,2,0,18.2,1.64,0.30,0.09,0.50,1.2,1.2,0.11,-0.2,-0.2,Matches
404,Carlos Sánchez\Carlos-Sanchez,co COL,MFDF,West Ham,33,1986,1.3,0,0,0,0,0,0,,0.00,0.00,,,0.0,0.0,,0.0,0.0,Matches
405,Davinson Sánchez\Davinson-Sanchez,co COL,DF,Tottenham,23,1996,24.0,0,0,0,8,3,0,37.5,0.33,0.12,0.00,0.00,0.8,0.8,0.10,-0.8,-0.8,Matches
406,Leroy Sané\Leroy-Sane,de GER,FW,Manchester City,23,1996,0.1,0,0,0,2,0,1,0.0,15.00,0.00,0.00,,0.1,0.1,0.05,-0.1,-0.1,Matches
407,Ismaila Sarr\Ismaila-Sarr,sn SEN,FWMF,Watford,21,1998,18.5,5,0,0,39,11,0,28.2,2.10,0.59,0.13,0.45,5.4,5.4,0.14,-0.4,-0.4,Matches
408,Fabian Schär\Fabian-Schar,ch SUI,DF,Newcastle Utd,27,1991,16.6,2,0,0,19,6,1,31.6,1.15,0.36,0.11,0.33,1.2,1.2,0.06,+0.8,+0.8,Matches
409,Ezequiel Schelotto\Ezequiel-Schelotto,it ITA,DF,Brighton,30,1989,4.0,0,0,0,5,1,0,20.0,1.25,0.25,0.00,0.00,0.3,0.3,0.06,-0.3,-0.3,Matches
410,Jeffrey Schlupp\Jeffrey-Schlupp,gh GHA,MFDF,Crystal Palace,26,1992,9.6,2,0,0,14,7,0,50.0,1.46,0.73,0.14,0.29,1.5,1.5,0.11,+0.5,+0.5,Matches
411,Kasper Schmeichel\Kasper-Schmeichel,dk DEN,GK,Leicester City,32,1986,34.0,0,0,0,1,0,1,0.0,0.03,0.00,0.00,,0.0,0.0,0.02,0.0,0.0,Matches
412,Morgan Schneiderlin\Morgan-Schneiderlin,fr FRA,MF,Everton,29,1989,11.1,0,0,0,6,0,0,0.0,0.54,0.00,0.00,,0.3,0.3,0.06,-0.3,-0.3,Matches
413,Ryan Sessegnon\Ryan-Sessegnon,eng ENG,DF,Tottenham,19,2000,3.8,0,0,0,1,0,0,0.0,0.26,0.00,0.00,,0.1,0.1,0.11,-0.1,-0.1,Matches
414,Xherdan Shaqiri\Xherdan-Shaqiri,ch SUI,FW,Liverpool,27,1991,2.0,1,0,0,4,1,0,25.0,2.03,0.51,0.25,1.00,0.5,0.5,0.12,+0.5,+0.5,Matches
415,Billy Sharp\Billy-Sharp,eng ENG,FW,Sheffield Utd,33,1986,10.2,3,0,0,13,4,0,30.8,1.27,0.39,0.23,0.75,2.2,2.2,0.17,+0.8,+0.8,Matches
416,Luke Shaw\Luke-Shaw,eng ENG,DF,Manchester Utd,24,1995,17.4,0,0,0,10,5,0,50.0,0.57,0.29,0.00,0.00,0.5,0.5,0.05,-0.5,-0.5,Matches
417,Jonjo Shelvey\Jonjo-Shelvey,eng ENG,MF,Newcastle Utd,27,1992,19.5,6,0,0,37,12,7,32.4,1.89,0.61,0.16,0.50,2.3,2.3,0.06,+3.7,+3.7,Matches
418,Djibril Sidibé\Djibril-Sidibe,fr FRA,DF,Everton,27,1992,18.4,0,0,0,11,2,0,18.2,0.60,0.11,0.00,0.00,0.3,0.3,0.03,-0.3,-0.3,Matches
419,Gylfi Sigurðsson\Gylfi-Sigurdsson,is ISL,MF,Everton,29,1989,24.7,2,1,1,40,12,5,30.0,1.62,0.49,0.03,0.08,4.0,3.2,0.08,-2.0,-2.2,Matches
420,Bernardo Silva\Bernardo-Silva,pt POR,FWMF,Manchester City,24,1994,20.0,5,0,0,44,13,0,29.5,2.20,0.65,0.11,0.38,5.6,5.6,0.13,-0.6,-0.6,Matches
421,David Silva\David-Silva,es ESP,MF,Manchester City,33,1986,18.1,5,0,0,40,15,3,37.5,2.22,0.83,0.13,0.33,5.3,5.3,0.13,-1.3,-1.3,Matches
422,Jack Simpson\Jack-Simpson,eng ENG,DF,Bournemouth,22,1997,2.7,0,0,0,1,0,0,0.0,0.37,0.00,0.00,,0.0,0.0,0.01,0.0,0.0,Matches
423,Moussa Sissoko\Moussa-Sissoko,fr FRA,MF,Tottenham,29,1989,22.5,2,0,0,14,4,0,28.6,0.62,0.18,0.14,0.50,2.1,2.1,0.15,-0.1,-0.1,Matches
424,Oliver Skipp\Oliver-Skipp,eng ENG,MFDF,Tottenham,18,2000,0.6,0,0,0,0,0,0,,0.00,0.00,,,0.0,0.0,,0.0,0.0,Matches
425,William Smallbone\William-Smallbone,ie IRL,MF,Southampton,19,2000,2.6,0,0,0,3,0,0,0.0,1.17,0.00,0.00,,0.3,0.3,0.08,-0.3,-0.3,Matches
426,Adam Smith\Adam-Smith,eng ENG,DF,Bournemouth,28,1991,21.1,0,0,0,4,1,0,25.0,0.19,0.05,0.00,0.00,0.6,0.6,0.14,-0.6,-0.6,Matches
427,Emile Smith-Rowe\Emile-Smith-Rowe,eng ENG,MF,Arsenal,19,2000,1.1,0,0,0,0,0,0,,0.00,0.00,,,0.0,0.0,,0.0,0.0,Matches
428,Robert Snodgrass\Robert-Snodgrass,sco SCO,MFFW,West Ham,31,1987,16.8,5,0,0,21,10,0,47.6,1.25,0.60,0.24,0.50,2.5,2.5,0.12,+2.5,+2.5,Matches
429,Cédric Soares\Cedric-Soares,pt POR,DF,Southampton,27,1991,14.5,0,0,0,10,4,0,40.0,0.69,0.28,0.00,0.00,0.6,0.6,0.06,-0.6,-0.6,Matches
430,Cédric Soares\Cedric-Soares,pt POR,DF,Arsenal,27,1991,1.0,1,0,0,1,1,0,100.0,1.01,1.01,1.00,1.00,0.0,0.0,0.03,+1.0,+1.0,Matches
431,Dominic Solanke\Dominic-Solanke,eng ENG,FWMF,Bournemouth,21,1997,15.7,0,0,0,27,5,0,18.5,1.72,0.32,0.00,0.00,2.4,2.4,0.09,-2.4,-2.4,Matches
432,Tomáš Souček\Tomas-Soucek,cz CZE,MF,West Ham,24,1995,7.6,2,0,0,13,6,0,46.2,1.72,0.79,0.15,0.33,1.1,1.1,0.08,+0.9,+0.9,Matches
433,Çağlar Söyüncü\Caglar-Soyuncu,tr TUR,DF,Leicester City,23,1996,33.0,1,0,0,20,7,0,35.0,0.61,0.21,0.05,0.14,2.4,2.4,0.12,-1.4,-1.4,Matches
434,Dennis Srbeny\Dennis-Srbeny,de GER,MFFW,Norwich City,25,1994,0.5,1,0,0,2,1,0,50.0,3.83,1.91,0.50,1.00,0.5,0.5,0.23,+0.5,+0.5,Matches
435,Jack Stacey\Jack-Stacey,eng ENG,DF,Bournemouth,23,1996,13.9,0,0,0,5,2,0,40.0,0.36,0.14,0.00,0.00,0.3,0.3,0.07,-0.3,-0.3,Matches
436,Junior Stanislas\Junior-Stanislas,eng ENG,MFFW,Bournemouth,29,1989,4.6,1,0,0,11,3,2,27.3,2.40,0.65,0.09,0.33,0.6,0.6,0.06,+0.4,+0.4,Matches
437,Jed Steer\Jed-Steer,eng ENG,GK,Aston Villa,26,1992,0.1,0,0,0,0,0,0,,0.00,0.00,,,0.0,0.0,,0.0,0.0,Matches
438,Dale Stephens\Dale-Stephens,eng ENG,MF,Brighton,30,1989,24.8,0,0,0,17,2,0,11.8,0.69,0.08,0.00,0.00,0.6,0.6,0.03,-0.6,-0.6,Matches
439,Jack Stephens\Jack-Stephens,eng ENG,DF,Southampton,25,1994,23.2,1,0,0,6,1,0,16.7,0.26,0.04,0.17,1.00,0.8,0.8,0.14,+0.2,+0.2,Matches
440,Raheem Sterling\Raheem-Sterling,eng ENG,FW,Manchester City,24,1994,26.3,14,0,1,81,27,1,33.3,3.09,1.03,0.17,0.52,13.0,12.0,0.15,0.0,+1.0,Matches
441,Enda Stevens\Enda-Stevens,ie IRL,DF,Sheffield Utd,29,1990,33.2,2,0,0,18,4,0,22.2,0.54,0.12,0.11,0.50,1.0,1.0,0.05,+1.0,+1.0,Matches
442,Marco Stiepermann\Marco-Stiepermann,de GER,MF,Norwich City,28,1991,11.4,0,0,0,18,5,0,27.8,1.58,0.44,0.00,0.00,1.5,1.5,0.08,-1.5,-1.5,Matches
443,John Stones\John-Stones,eng ENG,DF,Manchester City,25,1994,11.1,0,0,0,6,1,0,16.7,0.54,0.09,0.00,0.00,0.6,0.6,0.11,-0.6,-0.6,Matches
444,Isaac Success\Isaac-Success,ng NGA,FWMF,Watford,23,1996,0.8,0,0,0,1,1,0,100.0,1.29,1.29,0.00,0.00,0.1,0.1,0.08,-0.1,-0.1,Matches
445,Ki Sung-yueng\Ki-Sung-yueng,kr KOR,MF,Newcastle Utd,30,1989,1.5,0,0,0,0,0,0,,0.00,0.00,,,0.0,0.0,,0.0,0.0,Matches
446,Andrew Surman\Andrew-Surman,eng ENG,MF,Bournemouth,32,1986,2.6,0,0,0,1,0,0,0.0,0.38,0.00,0.00,,0.0,0.0,0.03,0.0,0.0,Matches
447,Sam Surridge\Sam-Surridge,eng ENG,FW,Bournemouth,21,1998,0.2,0,0,0,0,0,0,,0.00,0.00,,,0.0,0.0,,0.0,0.0,Matches
448,Japhet Tanganga\Japhet-Tanganga,eng ENG,DF,Tottenham,20,1999,5.8,0,0,0,3,1,0,33.3,0.51,0.17,0.00,0.00,0.1,0.1,0.02,-0.1,-0.1,Matches
449,Matt Targett\Matt-Targett,eng ENG,DF,Aston Villa,23,1995,21.9,1,0,0,7,4,1,57.1,0.32,0.18,0.14,0.25,0.4,0.4,0.06,+0.6,+0.6,Matches
450,James Tarkowski\James-Tarkowski,eng ENG,DF,Burnley,26,1992,34.0,2,0,0,17,4,0,23.5,0.50,0.12,0.12,0.50,2.1,2.1,0.13,-0.1,-0.1,Matches
451,Charlie Taylor\Charlie-Taylor,eng ENG,DF,Burnley,25,1993,20.3,0,0,0,1,0,0,0.0,0.05,0.00,0.00,,0.0,0.0,0.04,0.0,0.0,Matches
452,Neil Taylor\Neil-Taylor,wal WAL,DF,Aston Villa,30,1989,10.7,0,0,0,3,0,0,0.0,0.28,0.00,0.00,,0.2,0.2,0.07,-0.2,-0.2,Matches
453,Nathan Tella\Nathan-Tella,eng ENG,FW,Southampton,20,1999,0.0,0,0,0,1,1,0,100.0,30.00,30.00,0.00,0.00,0.1,0.1,0.06,-0.1,-0.1,Matches
454,Alexander Tettey\Alexander-Tettey,no NOR,MFDF,Norwich City,33,1986,23.1,1,0,0,22,3,0,13.6,0.95,0.13,0.05,0.33,0.8,0.8,0.03,+0.2,+0.2,Matches
455,Max Thompson\Max-Thompson,eng ENG,FW,Burnley,17,2002,0.0,0,0,0,0,0,0,,0.00,0.00,,,0.0,0.0,,0.0,0.0,Matches
456,Youri Tielemans\Youri-Tielemans,be BEL,MF,Leicester City,22,1997,27.9,3,0,0,47,11,0,23.4,1.69,0.39,0.06,0.27,2.5,2.5,0.05,+0.5,+0.5,Matches
457,Kieran Tierney\Kieran-Tierney,sco SCO,DF,Arsenal,22,1997,7.7,0,0,0,3,1,0,33.3,0.39,0.13,0.00,0.00,0.1,0.1,0.03,-0.1,-0.1,Matches
458,James Tomkins\James-Tomkins,eng ENG,DF,Crystal Palace,30,1989,17.6,1,0,0,9,2,0,22.2,0.51,0.11,0.11,0.50,1.3,1.3,0.15,-0.3,-0.3,Matches
459,Fikayo Tomori\Fikayo-Tomori,eng ENG,DF,Chelsea,21,1997,14.3,1,0,0,7,3,0,42.9,0.49,0.21,0.14,0.33,0.6,0.6,0.08,+0.4,+0.4,Matches
460,Lucas Torreira\Lucas-Torreira,uy URU,MF,Arsenal,23,1996,15.5,1,0,0,20,6,0,30.0,1.29,0.39,0.05,0.17,1.6,1.6,0.08,-0.6,-0.6,Matches
461,Cenk Tosun\Cenk-Tosun,tr TUR,FW,Crystal Palace,28,1991,2.0,1,0,0,4,2,0,50.0,2.03,1.02,0.25,0.50,0.8,0.8,0.19,+0.2,+0.2,Matches
462,Cenk Tosun\Cenk-Tosun,tr TUR,FW,Everton,28,1991,3.2,1,0,0,11,3,0,27.3,3.40,0.93,0.09,0.33,0.8,0.8,0.07,+0.2,+0.2,Matches
463,Andros Townsend\Andros-Townsend,eng ENG,MF,Crystal Palace,28,1991,11.1,1,0,0,8,4,0,50.0,0.72,0.36,0.13,0.25,0.3,0.3,0.03,+0.7,+0.7,Matches
464,Adama Traoré\Adama-Traore,es ESP,FWMF,Wolves,23,1996,26.3,4,0,0,38,10,0,26.3,1.44,0.38,0.11,0.40,2.8,2.8,0.07,+1.2,+1.2,Matches
465,Mark Travers\Mark-Travers,ie IRL,GK,Bournemouth,20,1999,1.0,0,0,0,0,0,0,,0.00,0.00,,,0.0,0.0,,0.0,0.0,Matches
466,Trézéguet\Trezeguet,eg EGY,FWMF,Aston Villa,24,1994,17.0,3,0,0,41,11,3,26.8,2.41,0.65,0.07,0.27,3.0,3.0,0.07,0.0,0.0,Matches
467,Leandro Trossard\Leandro-Trossard,be BEL,FWMF,Brighton,24,1994,19.7,5,0,0,35,11,0,31.4,1.77,0.56,0.14,0.45,3.1,3.1,0.09,+0.9,+0.9,Matches
468,Tom Trybull\Tom-Trybull,de GER,MF,Norwich City,26,1993,12.6,0,0,0,11,2,0,18.2,0.88,0.16,0.00,0.00,0.4,0.4,0.04,-0.4,-0.4,Matches
469,Axel Tuanzebe\Axel-Tuanzebe,eng ENG,DF,Manchester Utd,21,1997,2.1,0,0,0,0,0,0,,0.00,0.00,,,0.0,0.0,,0.0,0.0,Matches
470,Yan Valery\Yan-Valery,fr FRA,DF,Southampton,20,1999,8.7,0,0,0,3,2,0,66.7,0.35,0.23,0.00,0.00,0.3,0.3,0.09,-0.3,-0.3,Matches
471,Jesús Vallejo\Jesus-Vallejo,es ESP,DF,Wolves,22,1997,1.8,0,0,0,0,0,0,,0.00,0.00,,,0.0,0.0,,0.0,0.0,Matches
472,Jamie Vardy\Jamie-Vardy,eng ENG,FW,Leicester City,32,1987,29.7,22,4,5,70,35,0,50.0,2.36,1.18,0.26,0.51,17.0,13.2,0.20,+5.0,+4.8,Matches
473,Indiana Vassilev\Indiana-Vassilev,us USA,FWMF,Aston Villa,18,2001,0.5,0,0,0,1,0,0,0.0,2.05,0.00,0.00,,0.0,0.0,0.03,0.0,0.0,Matches
474,Jan Vertonghen\Jan-Vertonghen,be BEL,DF,Tottenham,32,1987,17.3,1,0,0,4,2,0,50.0,0.23,0.12,0.25,0.50,0.4,0.4,0.11,+0.6,+0.6,Matches
475,Jannik Vestergaard\Jannik-Vestergaard,dk DEN,DF,Southampton,26,1992,13.6,1,0,0,8,4,0,50.0,0.59,0.29,0.13,0.25,0.8,0.8,0.10,+0.2,+0.2,Matches
476,Rúben Vinagre\Ruben-Vinagre,pt POR,DF,Wolves,20,1999,6.0,0,0,0,5,0,0,0.0,0.84,0.00,0.00,,0.4,0.4,0.08,-0.4,-0.4,Matches
477,Mario Vrančić\Mario-Vrancic,ba BIH,MF,Norwich City,30,1989,6.0,1,0,0,11,3,1,27.3,1.82,0.50,0.09,0.33,1.6,1.6,0.15,-0.6,-0.6,Matches
478,Matěj Vydra\Matej-Vydra,cz CZE,FW,Burnley,27,1992,8.1,2,0,0,17,9,0,52.9,2.10,1.11,0.12,0.22,3.1,3.1,0.18,-1.1,-1.1,Matches
479,Theo Walcott\Theo-Walcott,eng ENG,MFFW,Everton,30,1989,11.8,1,0,0,25,8,0,32.0,2.12,0.68,0.04,0.13,2.3,2.3,0.09,-1.3,-1.3,Matches
480,Kyle Walker\Kyle-Walker,eng ENG,DF,Manchester City,29,1990,23.4,1,0,0,13,3,1,23.1,0.56,0.13,0.08,0.33,0.8,0.8,0.06,+0.2,+0.2,Matches
481,Kyle Walker-Peters\Kyle-Walker-Peters,eng ENG,DF,Southampton,22,1997,3.3,0,0,0,0,0,0,,0.00,0.00,,,0.0,0.0,,0.0,0.0,Matches
482,Kyle Walker-Peters\Kyle-Walker-Peters,eng ENG,DF,Tottenham,22,1997,2.7,0,0,0,1,0,0,0.0,0.37,0.00,0.00,,0.0,0.0,0.03,0.0,0.0,Matches
483,Aaron Wan-Bissaka\Aaron-Wan-Bissaka,eng ENG,DF,Manchester Utd,21,1997,29.9,0,0,0,7,1,0,14.3,0.23,0.03,0.00,0.00,0.4,0.4,0.06,-0.4,-0.4,Matches
484,Victor Wanyama\Victor-Wanyama,ke KEN,MF,Tottenham,28,1991,0.3,0,0,0,0,0,0,,0.00,0.00,,,0.0,0.0,,0.0,0.0,Matches
485,Joel Ward\Joel-Ward,eng ENG,DF,Crystal Palace,29,1989,22.5,0,0,0,4,1,0,25.0,0.18,0.04,0.00,0.00,0.2,0.2,0.04,-0.2,-0.2,Matches
486,James Ward-Prowse\James-Ward-Prowse,eng ENG,MFDF,Southampton,24,1994,33.0,5,1,2,44,20,21,45.5,1.33,0.61,0.09,0.20,5.4,3.7,0.08,-0.4,+0.3,Matches
487,Adam Webster\Adam-Webster,eng ENG,DF,Brighton,24,1995,25.6,3,0,0,14,6,0,42.9,0.55,0.23,0.21,0.50,1.1,1.1,0.08,+1.9,+1.9,Matches
488,Danny Welbeck\Danny-Welbeck,eng ENG,FWMF,Watford,28,1990,5.9,1,0,0,9,5,0,55.6,1.52,0.84,0.11,0.20,1.2,1.2,0.13,-0.2,-0.2,Matches
489,Ashley Westwood\Ashley-Westwood,eng ENG,MF,Burnley,29,1990,31.0,2,0,0,13,3,2,23.1,0.42,0.10,0.15,0.67,1.1,1.1,0.09,+0.9,+0.9,Matches
490,Connor Wickham\Connor-Wickham,eng ENG,FWMF,Crystal Palace,26,1993,1.1,1,0,0,4,2,0,50.0,3.75,1.87,0.25,0.50,1.4,1.4,0.35,-0.4,-0.4,Matches
491,Georginio Wijnaldum\Georginio-Wijnaldum,nl NED,MF,Liverpool,28,1990,29.1,3,0,0,31,13,0,41.9,1.07,0.45,0.10,0.23,2.4,2.4,0.08,+0.6,+0.6,Matches
492,Jetro Willems\Jetro-Willems,nl NED,DF,Newcastle Utd,25,1994,16.6,2,0,0,14,6,0,42.9,0.84,0.36,0.14,0.33,0.6,0.6,0.04,+1.4,+1.4,Matches
493,Brandon Williams\Brandon-Williams,eng ENG,DF,Manchester Utd,18,2000,8.7,1,0,0,6,2,0,33.3,0.69,0.23,0.17,0.50,0.6,0.6,0.10,+0.4,+0.4,Matches
494,Neco Williams\Neco-Williams,wal WAL,DF,Liverpool,18,2001,0.9,0,0,0,3,1,0,33.3,3.46,1.15,0.00,0.00,0.1,0.1,0.03,-0.1,-0.1,Matches
495,Willian\Willian,br BRA,FW,Chelsea,30,1988,26.2,9,4,4,64,24,7,37.5,2.44,0.91,0.08,0.21,6.7,3.7,0.06,+2.3,+1.3,Matches
496,Joe Willock\Joe-Willock,eng ENG,MFFW,Arsenal,19,1999,8.3,1,0,0,12,4,0,33.3,1.44,0.48,0.08,0.25,2.0,2.0,0.16,-1.0,-1.0,Matches
497,Jack Wilshere\Jack-Wilshere,eng ENG,MF,West Ham,27,1992,2.2,0,0,0,0,0,0,,0.00,0.00,,,0.0,0.0,,0.0,0.0,Matches
498,Callum Wilson\Callum-Wilson,eng ENG,FW,Bournemouth,27,1992,28.1,8,0,0,43,19,0,44.2,1.53,0.68,0.19,0.42,9.2,9.2,0.21,-1.2,-1.2,Matches
499,Harry Wilson\Harry-Wilson,wal WAL,MFFW,Bournemouth,22,1997,17.3,7,0,0,47,16,12,34.0,2.71,0.92,0.15,0.44,3.6,3.6,0.08,+3.4,+3.4,Matches
500,Harry Winks\Harry-Winks,eng ENG,MF,Tottenham,23,1996,19.7,0,0,0,12,2,0,16.7,0.61,0.10,0.00,0.00,0.5,0.5,0.04,-0.5,-0.5,Matches
501,Chris Wood\Chris-Wood,nz NZL,FW,Burnley,27,1991,23.5,11,0,0,55,26,0,47.3,2.34,1.11,0.20,0.42,10.0,10.0,0.18,+1.0,+1.0,Matches
502,Granit Xhaka\Granit-Xhaka,ch SUI,MF,Arsenal,26,1992,25.2,1,0,0,11,3,0,27.3,0.44,0.12,0.09,0.33,0.4,0.4,0.03,+0.6,+0.6,Matches
503,Andriy Yarmolenko\Andriy-Yarmolenko,ua UKR,MF,West Ham,29,1989,10.3,4,0,0,24,12,1,50.0,2.33,1.17,0.17,0.33,1.8,1.8,0.08,+2.2,+2.2,Matches
504,DeAndre Yedlin\DeAndre-Yedlin,us USA,DF,Newcastle Utd,26,1993,9.8,1,0,0,1,1,0,100.0,0.10,0.10,1.00,1.00,0.7,0.7,0.68,+0.3,+0.3,Matches
505,Maya Yoshida\Maya-Yoshida,jp JPN,DF,Southampton,30,1988,6.2,0,0,0,4,3,0,75.0,0.64,0.48,0.00,0.00,0.6,0.6,0.14,-0.6,-0.6,Matches
506,Ashley Young\Ashley-Young,eng ENG,DF,Manchester Utd,34,1985,10.6,0,0,0,3,0,0,0.0,0.28,0.00,0.00,,0.1,0.1,0.04,-0.1,-0.1,Matches
507,Pablo Zabaleta\Pablo-Zabaleta,ar ARG,DF,West Ham,34,1985,6.6,0,0,0,1,0,0,0.0,0.15,0.00,0.00,,0.1,0.1,0.06,-0.1,-0.1,Matches
508,Wilfried Zaha\Wilfried-Zaha,ci CIV,MFFW,Crystal Palace,26,1992,32.4,4,0,0,51,12,0,23.5,1.57,0.37,0.08,0.33,4.6,4.6,0.09,-0.6,-0.6,Matches
509,Christoph Zimmermann\Christoph-Zimmermann,de GER,DF,Norwich City,26,1993,14.4,0,0,0,6,1,0,16.7,0.42,0.07,0.00,0.00,0.4,0.4,0.07,-0.4,-0.4,Matches
510,Oleksandr Zinchenko\Oleksandr-Zinchenko,ua UKR,DF,Manchester City,22,1996,13.4,0,0,0,16,3,0,18.8,1.19,0.22,0.00,0.00,0.4,0.4,0.03,-0.4,-0.4,Matches
511,Richairo Živković\Richairo-Zivkovic,nl NED,FW,Sheffield Utd,22,1996,0.7,0,0,0,1,0,0,0.0,1.41,0.00,0.00,,0.0,0.0,0.00,0.0,0.0,Matches
512,Kurt Zouma\Kurt-Zouma,fr FRA,DF,Chelsea,24,1994,22.0,0,0,0,14,5,0,35.7,0.64,0.23,0.00,0.00,0.8,0.8,0.06,-0.8,-0.8,Matches