,,,,,,,,Total,Total,Total,Total,Total,Short,Short,Short,Medium,Medium,Medium,Long,Long,Long,,,,,,,,,
Rk,Player,Nation,Pos,Squad,Age,Born,90s,Cmp,Att,Cmp%,TotDist,PrgDist,Cmp,Att,Cmp%,Cmp,Att,Cmp%,Cmp,Att,Cmp%,Ast,xA,A-xA,KP,1/3,PPA,CrsPA,Prog,Matches
1,Patrick van Aanholt\Patrick-van-Aanholt,nl NED,DF,Crystal Palace,27,1990,35.5,1587,1962,80.9,26851,11857,23,50,46.0,1333,1543,86.4,231,369,62.6,2,4.0,-2.0,34,115,63,9,292,Matches
2,Sergio Agüero\Sergio-Aguero,ar ARG,FW,Manchester City,30,1988,27.3,665,785,84.7,9245,1686,27,45,60.0,592,678,87.3,46,62,74.2,8,5.2,+2.8,34,37,44,1,68,Matches
3,Nathan Aké\Nathan-Ake,nl NED,DF,Bournemouth,23,1995,37.9,1469,1701,86.4,30143,10917,7,22,31.8,1048,1167,89.8,414,512,80.9,0,0.7,-0.7,5,92,7,3,91,Matches
4,Marc Albrighton\Marc-Albrighton,eng ENG,FWMF,Leicester City,28,1989,18.1,459,776,59.1,8932,3604,11,62,17.7,346,455,76.0,102,259,39.4,2,2.8,-0.8,30,48,29,12,101,Matches
5,Toby Alderweireld\Toby-Alderweireld,be BEL,DF,Tottenham,29,1989,32.5,2067,2342,88.3,50426,14985,2,12,16.7,1242,1326,93.7,823,1004,82.0,0,0.5,-0.5,7,193,23,1,133,Matches
6,Trent Alexander-Arnold\Trent-Alexander-Arnold,eng ENG,DF,Liverpool,19,1998,27.4,1644,2213,74.3,34938,13658,13,56,23.2,1165,1375,84.7,466,782,59.6,12,6.3,+5.7,48,129,59,25,322,Matches
7,Alisson\Alisson,br BRA,GK,Liverpool,25,1992,38.0,1039,1262,82.3,30318,16760,1,2,50.0,513,520,98.7,525,740,70.9,0,0.0,0.0,0,12,0,0,0,Matches
8,Dele Alli\Dele-Alli,eng ENG,MFFW,Tottenham,22,1996,20.3,843,1050,80.3,13914,3358,22,58,37.9,702,821,85.5,119,171,69.6,3,2.5,+0.5,28,81,32,2,99,Matches
9,Miguel Almirón\Miguel-Almiron,py PAR,FWMF,Newcastle Utd,24,1994,8.4,188,260,72.3,3320,863,4,24,16.7,146,180,81.1,38,56,67.9,0,0.9,-0.9,12,16,14,9,28,Matches
10,Marcos Alonso\Marcos-Alonso,es ESP,DF,Chelsea,27,1990,30.7,1838,2226,82.6,29324,9874,27,73,37.0,1608,1805,89.1,203,348,58.3,4,4.0,0.0,31,114,23,9,175,Matches
11,Daniel Amartey\Daniel-Amartey,gh GHA,DF,Leicester City,23,1994,7.1,354,433,81.8,6665,2943,2,5,40.0,279,315,88.6,73,113,64.6,0,0.2,-0.2,3,31,0,0,42,Matches
12,Luke Amos\Luke-Amos,eng ENG,MF,Tottenham,21,1997,0.0,1,2,50.0,13,3,0,0,,1,2,50.0,0,0,,0,0.0,0.0,0,0,0,0,0,Matches
13,Felipe Anderson\Felipe-Anderson,br BRA,FWMF,West Ham,25,1993,33.8,1328,1819,73.0,22850,7749,52,125,41.6,1042,1271,82.0,234,423,55.3,4,6.7,-2.7,60,109,89,13,223,Matches
14,Florin Andone\Florin-Andone,ro ROU,FW,Brighton,25,1993,9.8,122,180,67.8,1667,216,10,19,52.6,104,142,73.2,8,19,42.1,0,0.2,-0.2,2,4,2,1,6,Matches
15,Michail Antonio\Michail-Antonio,eng ENG,FWMF,West Ham,28,1990,23.4,513,777,66.0,8177,2307,14,49,28.6,434,574,75.6,65,154,42.2,4,3.3,+0.7,20,43,19,8,76,Matches
16,Stuart Armstrong\Stuart-Armstrong,sco SCO,MFFW,Southampton,26,1992,15.9,498,652,76.4,8420,2162,12,51,23.5,412,491,83.9,74,110,67.3,2,1.3,+0.7,28,39,26,2,71,Matches
17,Marko Arnautović\Marko-Arnautovic,at AUT,FW,West Ham,29,1989,22.1,496,655,75.7,7602,1359,20,51,39.2,405,511,79.3,71,93,76.3,4,3.7,+0.3,33,21,17,2,46,Matches
18,Kepa Arrizabalaga\Kepa-Arrizabalaga,es ESP,GK,Chelsea,23,1994,36.0,974,1136,85.7,27156,14923,2,2,100.0,509,514,99.0,463,620,74.7,0,0.0,0.0,0,3,0,0,1,Matches
19,Harry Arter\Harry-Arter,ie IRL,MF,Cardiff City,28,1989,22.2,534,689,77.5,9771,2810,10,25,40.0,413,486,85.0,111,178,62.4,1,0.6,+0.4,12,58,20,4,82,Matches
20,Christian Atsu\Christian-Atsu,gh GHA,MFFW,Newcastle Utd,26,1992,16.6,335,454,73.8,5193,1161,12,32,37.5,283,342,82.7,40,80,50.0,0,1.3,-1.3,14,23,17,5,31,Matches
21,Pierre-Emerick Aubameyang\Pierre-Emerick-Aubameyang,ga GAB,FW,Arsenal,29,1989,30.3,526,742,70.9,7324,1884,18,47,38.3,465,614,75.7,43,81,53.1,5,4.0,+1.0,33,28,33,4,68,Matches
22,Serge Aurier\Serge-Aurier,ci CIV,DFMF,Tottenham,25,1992,6.3,253,343,73.8,4361,1788,7,18,38.9,199,251,79.3,47,74,63.5,2,0.5,+1.5,5,9,11,7,40,Matches
23,Charlie Austin\Charlie-Austin,eng ENG,FW,Southampton,29,1989,10.9,127,208,61.1,2051,287,5,16,31.3,103,156,66.0,19,36,52.8,2,0.4,+1.6,9,4,4,0,9,Matches
24,Jordan Ayew\Jordan-Ayew,gh GHA,FW,Crystal Palace,26,1991,13.1,201,273,73.6,2823,526,9,31,29.0,172,205,83.9,20,37,54.1,2,1.0,+1.0,13,11,6,0,16,Matches
25,Floyd Ayité\Floyd-Ayite,tg TOG,FWMF,Fulham,29,1988,5.3,159,209,76.1,2483,725,5,13,38.5,132,162,81.5,22,34,64.7,0,0.3,-0.3,8,11,7,1,24,Matches
26,César Azpilicueta\Cesar-Azpilicueta,es ESP,DF,Chelsea,28,1989,37.8,2471,2892,85.4,40522,14256,30,92,32.6,2145,2370,90.5,296,430,68.8,5,2.4,+2.6,25,160,47,19,231,Matches
27,Ryan Babel\Ryan-Babel,nl NED,FW,Fulham,31,1986,13.9,410,515,79.6,6440,1687,14,34,41.2,344,390,88.2,52,91,57.1,3,1.9,+1.1,23,27,10,3,42,Matches
28,Juninho Bacuna\Juninho-Bacuna,cw CUW,MFDF,Huddersfield,20,1997,15.7,559,763,73.3,11230,3789,9,33,27.3,396,473,83.7,154,257,59.9,0,1.6,-1.6,17,85,12,0,100,Matches
29,Leandro Bacuna\Leandro-Bacuna,cw CUW,MFDF,Cardiff City,26,1991,6.2,114,168,67.9,2153,858,1,5,20.0,89,115,77.4,24,48,50.0,0,0.0,0.0,1,11,5,2,24,Matches
30,Eric Bailly\Eric-Bailly,ci CIV,DF,Manchester Utd,24,1994,7.1,267,310,86.1,5489,1689,1,6,16.7,187,198,94.4,79,106,74.5,0,0.0,0.0,0,8,0,0,10,Matches
31,Leighton Baines\Leighton-Baines,eng ENG,DF,Everton,33,1984,4.2,206,261,78.9,3537,1557,4,7,57.1,171,200,85.5,31,54,57.4,0,0.2,-0.2,4,16,2,1,43,Matches
32,Fabián Balbuena\Fabian-Balbuena,py PAR,DF,West Ham,26,1991,22.4,655,838,78.2,13925,5702,5,13,38.5,450,523,86.0,200,302,66.2,0,0.1,-0.1,3,33,0,0,42,Matches
33,Leon Balogun\Leon-Balogun,ng NGA,DF,Brighton,30,1988,6.6,174,218,79.8,3945,888,9,12,75.0,98,116,84.5,67,90,74.4,0,0.0,0.0,0,2,0,0,4,Matches
34,Sol Bamba\Sol-Bamba,ci CIV,DF,Cardiff City,33,1985,27.5,397,580,68.4,9028,3462,2,13,15.4,249,337,73.9,146,230,63.5,1,0.3,+0.7,4,43,3,0,47,Matches
35,Phil Bardsley\Phil-Bardsley,sco SCO,DF,Burnley,33,1985,18.6,523,770,67.9,10171,4847,6,15,40.0,398,488,81.6,119,267,44.6,0,0.6,-0.6,6,61,20,6,117,Matches
36,Ross Barkley\Ross-Barkley,eng ENG,MF,Chelsea,24,1993,13.8,881,973,90.5,15589,2677,13,24,54.2,708,765,92.5,160,184,87.0,5,2.0,+3.0,21,62,17,2,66,Matches
37,Ashley Barnes\Ashley-Barnes,at AUT,FW,Burnley,28,1989,26.5,346,559,61.9,5019,1092,13,38,34.2,297,433,68.6,36,88,40.9,2,3.6,-1.6,20,23,13,2,45,Matches
38,Harvey Barnes\Harvey-Barnes,eng ENG,FWMF,Leicester City,20,1997,11.2,257,344,74.7,3546,944,7,27,25.9,233,286,81.5,17,31,54.8,2,1.4,+0.6,16,16,13,4,35,Matches
39,Antonio Barreca\Antonio-Barreca,it ITA,DF,Newcastle Utd,23,1995,0.1,1,3,33.3,16,16,0,1,0.0,1,1,100.0,0,1,0.0,0,0.0,0.0,0,0,0,0,1,Matches
40,Michy Batshuayi\Michy-Batshuayi,be BEL,FW,Crystal Palace,24,1993,8.3,111,162,68.5,1614,301,5,15,33.3,90,121,74.4,16,26,61.5,0,0.1,-0.1,1,5,2,0,7,Matches
41,Jan Bednarek\Jan-Bednarek,pl POL,DF,Southampton,22,1996,23.9,591,849,69.6,12101,5559,6,15,40.0,423,534,79.2,162,300,54.0,1,0.4,+0.6,7,53,2,0,71,Matches
42,Asmir Begović\Asmir-Begovic,ba BIH,GK,Bournemouth,31,1987,24.0,431,633,68.1,14901,10075,0,0,,189,189,100.0,242,444,54.5,0,0.0,0.0,0,4,0,0,1,Matches
43,Héctor Bellerín\Hector-Bellerin,es ESP,DF,Arsenal,23,1995,17.0,794,947,83.8,13510,4477,11,33,33.3,665,747,89.0,118,167,70.7,5,2.0,+3.0,9,48,27,5,104,Matches
44,Joe Bennett\Joe-Bennett,eng ENG,DF,Cardiff City,28,1990,29.3,640,947,67.6,11667,6053,10,39,25.6,505,643,78.5,125,265,47.2,1,1.1,-0.1,13,75,14,9,157,Matches
45,Ryan Bennett\Ryan-Bennett,eng ENG,DF,Wolves,28,1990,34.0,1095,1387,78.9,23131,7322,13,20,65.0,747,852,87.7,335,515,65.0,0,0.5,-0.5,5,97,2,0,95,Matches
46,Christian Benteke\Christian-Benteke,be BEL,FW,Crystal Palace,27,1990,9.0,139,243,57.2,2112,377,7,17,41.2,116,197,58.9,16,29,55.2,1,1.2,-0.2,8,8,2,0,13,Matches
47,Jóhann Berg Guðmundsson\Johann-Berg-Gudmundsson,is ISL,MFFW,Burnley,27,1990,19.5,407,610,66.7,7473,2649,7,25,28.0,307,386,79.5,93,199,46.7,6,3.6,+2.4,40,22,22,16,87,Matches
48,Bernard\Bernard,br BRA,FWMF,Everton,25,1992,23.5,633,867,73.0,10614,3250,7,44,15.9,524,643,81.5,102,180,56.7,3,3.1,-0.1,40,45,34,9,91,Matches
49,Bernardo\Bernardo,br BRA,DF,Brighton,23,1995,19.5,735,1014,72.5,12840,5472,15,44,34.1,603,730,82.6,117,240,48.8,1,0.9,+0.1,9,54,10,3,131,Matches
50,Ryan Bertrand\Ryan-Bertrand,eng ENG,DF,Southampton,28,1989,24.0,795,1094,72.7,13308,6080,10,44,22.7,666,791,84.2,119,259,45.9,0,2.0,-2.0,23,68,29,13,161,Matches
51,Marcus Bettinelli\Marcus-Bettinelli,eng ENG,GK,Fulham,26,1992,7.0,154,237,65.0,5646,4315,0,0,,65,65,100.0,89,172,51.7,0,0.0,0.0,0,5,1,0,0,Matches
52,Philip Billing\Philip-Billing,dk DEN,MF,Huddersfield,22,1996,24.3,912,1251,72.9,18591,5361,11,39,28.2,657,798,82.3,244,414,58.9,0,1.1,-1.1,17,67,21,10,132,Matches
53,Yves Bissouma\Yves-Bissouma,ml MLI,MF,Brighton,21,1996,19.7,596,727,82.0,10282,2277,18,31,58.1,472,546,86.4,106,150,70.7,0,1.1,-1.1,14,52,7,1,52,Matches
54,Willy Boly\Willy-Boly,fr FRA,DF,Wolves,27,1991,35.2,1392,1695,82.1,27415,11135,8,26,30.8,1064,1181,90.1,320,488,65.6,0,0.9,-0.9,10,122,7,0,125,Matches
55,Léo Bonatini\Leo-Bonatini,br BRA,FW,Wolves,24,1994,1.5,41,55,74.5,706,159,0,3,0.0,34,42,81.0,7,10,70.0,1,0.2,+0.8,2,5,3,1,5,Matches
56,Gaëtan Bong\Gaetan-Bong,cm CMR,DF,Brighton,30,1988,20.1,598,879,68.0,10886,5632,6,27,22.2,477,600,79.5,115,252,45.6,0,0.5,-0.5,8,46,18,10,116,Matches
57,Artur Boruc\Artur-Boruc,pl POL,GK,Bournemouth,38,1980,12.0,225,350,64.3,7768,5404,0,0,,89,90,98.9,136,260,52.3,0,0.0,0.0,0,4,0,0,0,Matches
58,Robbie Brady\Robbie-Brady,ie IRL,MFFW,Burnley,26,1992,8.0,162,287,56.4,3017,1094,6,19,31.6,125,168,74.4,31,100,31.0,1,1.3,-0.3,13,15,11,6,35,Matches
59,Miguel Britos\Miguel-Britos,uy URU,DF,Watford,33,1985,2.1,48,56,85.7,1045,418,1,1,100.0,35,38,92.1,12,17,70.6,0,0.0,0.0,0,3,0,0,5,Matches
60,David Brooks\David-Brooks,wal WAL,MFFW,Bournemouth,21,1997,25.1,649,879,73.8,10707,3430,15,51,29.4,542,672,80.7,92,156,59.0,5,3.9,+1.1,29,56,40,3,110,Matches
61,Bruno\Bruno,es ESP,DF,Brighton,37,1980,12.6,506,634,79.8,9870,4571,4,14,28.6,374,413,90.6,128,207,61.8,1,0.3,+0.7,6,34,9,3,75,Matches
62,Joe Bryan\Joe-Bryan,eng ENG,DF,Fulham,24,1993,26.1,907,1291,70.3,16413,7598,6,42,14.3,745,901,82.7,156,348,44.8,1,2.6,-1.6,23,79,24,14,176,Matches
63,David Button\David-Button,eng ENG,GK,Brighton,29,1989,4.0,48,108,44.4,2266,1848,0,0,,11,11,100.0,37,97,38.1,0,0.0,0.0,0,3,0,0,0,Matches
64,Willy Caballero\Willy-Caballero,ar ARG,GK,Chelsea,36,1981,2.0,51,63,81.0,1505,839,0,0,,28,28,100.0,23,35,65.7,0,0.0,0.0,0,0,0,0,0,Matches
65,Gary Cahill\Gary-Cahill,eng ENG,DF,Chelsea,32,1985,0.3,18,20,90.0,339,195,0,0,,16,18,88.9,2,2,100.0,0,0.0,0.0,0,1,0,0,6,Matches
66,Tom Cairney\Tom-Cairney,sco SCO,MFFW,Fulham,27,1991,24.4,1257,1412,89.0,21716,4012,16,29,55.2,1015,1090,93.1,226,293,77.1,1,2.9,-1.9,37,109,31,2,119,Matches
67,Dominic Calvert-Lewin\Dominic-Calvert-Lewin,eng ENG,FW,Everton,21,1997,19.8,283,441,64.2,4058,728,14,30,46.7,232,347,66.9,37,64,57.8,2,1.2,+0.8,10,22,7,1,21,Matches
68,Rafael Camacho\Rafael-Camacho,pt POR,DF,Liverpool,18,2000,0.0,0,0,,0,0,0,0,,0,0,,0,0,,0,0.0,0.0,0,0,0,0,0,Matches
69,Víctor Camarasa\Victor-Camarasa,es ESP,MF,Cardiff City,24,1994,28.5,702,1006,69.8,13295,3558,13,48,27.1,525,652,80.5,164,306,53.6,4,3.3,+0.7,47,61,25,7,119,Matches
70,Étienne Capoue\Etienne-Capoue,fr FRA,MF,Watford,30,1988,32.7,1482,1778,83.4,29212,8003,23,38,60.5,1104,1262,87.5,355,478,74.3,3,0.9,+2.1,9,152,18,1,164,Matches
71,Andy Carroll\Andy-Carroll,eng ENG,FW,West Ham,29,1989,5.1,86,131,65.6,1354,252,5,9,55.6,67,97,69.1,14,25,56.0,0,0.2,-0.2,3,4,0,0,4,Matches
72,Jonny Castro\Jonny-Castro,es ESP,DFMF,Wolves,24,1994,30.8,1124,1394,80.6,17057,5537,16,59,27.1,1004,1151,87.2,104,184,56.5,1,1.6,-0.6,25,38,22,5,107,Matches
73,Craig Cathcart\Craig-Cathcart,nir NIR,DF,Watford,29,1989,34.4,1046,1278,81.8,22783,7703,13,24,54.2,685,761,90.0,348,493,70.6,0,0.4,-0.4,1,61,3,1,64,Matches
74,Ivan Cavaleiro\Ivan-Cavaleiro,pt POR,FWMF,Wolves,24,1993,7.7,252,356,70.8,3891,968,11,24,45.8,204,257,79.4,37,75,49.3,1,1.5,-0.5,17,13,12,8,30,Matches
75,Petr Čech\Petr-Cech,cz CZE,GK,Arsenal,36,1982,6.5,168,242,69.4,4852,2753,0,0,,86,90,95.6,82,152,53.9,0,0.0,0.0,0,1,0,0,0,Matches
76,Nathaniel Chalobah\Nathaniel-Chalobah,eng ENG,MFFW,Watford,23,1994,3.0,93,121,76.9,1734,585,2,5,40.0,71,85,83.5,20,31,64.5,0,0.0,0.0,0,10,1,0,11,Matches
77,Calum Chambers\Calum-Chambers,eng ENG,MFDF,Fulham,23,1995,28.8,1190,1518,78.4,22754,6702,16,36,44.4,921,1073,85.8,253,409,61.9,0,0.7,-0.7,15,123,16,0,130,Matches
78,Ben Chilwell\Ben-Chilwell,eng ENG,DF,Leicester City,21,1996,36.0,1575,2239,70.3,26044,9663,13,67,19.4,1348,1677,80.4,214,495,43.2,4,2.9,+1.1,40,99,36,16,211,Matches
79,Tahith Chong\Tahith-Chong,nl NED,FW,Manchester Utd,18,1999,0.4,13,15,86.7,231,59,0,1,0.0,10,11,90.9,3,3,100.0,0,0.0,0.0,0,1,1,0,2,Matches
80,Hamza Choudhury\Hamza-Choudhury,eng ENG,MF,Leicester City,20,1997,6.6,207,238,87.0,3864,725,3,9,33.3,160,177,90.4,44,52,84.6,0,0.5,-0.5,4,17,3,1,18,Matches
81,Andreas Christensen\Andreas-Christensen,dk DEN,DF,Chelsea,22,1996,6.9,416,446,93.3,8083,2567,6,10,60.0,305,323,94.4,105,113,92.9,0,0.0,0.0,0,22,0,0,32,Matches
82,Cyrus Christie\Cyrus-Christie,ie IRL,DF,Fulham,25,1992,21.6,876,1194,73.4,15085,5404,6,34,17.6,743,880,84.4,127,280,45.4,1,1.4,-0.4,21,34,24,12,126,Matches
83,Ibrahima Cissé\Ibrahima-Cisse,gn GUI,MFFW,Fulham,24,1994,1.0,28,33,84.8,431,201,1,1,100.0,25,28,89.3,2,4,50.0,0,0.0,0.0,0,3,0,0,3,Matches
84,Ciaran Clark\Ciaran-Clark,ie IRL,DF,Newcastle Utd,28,1989,9.5,225,302,74.5,4567,1819,1,7,14.3,170,201,84.6,54,94,57.4,0,0.4,-0.4,3,15,3,0,19,Matches
85,Tom Cleverley\Tom-Cleverley,eng ENG,MFFW,Watford,28,1989,5.3,175,229,76.4,3050,845,3,13,23.1,137,166,82.5,35,50,70.0,0,0.0,0.0,0,15,5,0,18,Matches
86,Nathaniel Clyne\Nathaniel-Clyne,eng ENG,DF,Liverpool,27,1991,1.2,68,84,81.0,964,415,4,5,80.0,55,64,85.9,9,15,60.0,0,0.0,0.0,0,2,1,0,10,Matches
87,Nathaniel Clyne\Nathaniel-Clyne,eng ENG,DF,Bournemouth,27,1991,12.7,454,588,77.2,7538,3253,6,29,20.7,389,453,85.9,59,106,55.7,1,0.2,+0.8,5,21,10,3,76,Matches
88,Conor Coady\Conor-Coady,eng ENG,DF,Wolves,25,1993,38.0,1412,1677,84.2,39228,12627,6,10,60.0,640,691,92.6,766,976,78.5,0,0.0,0.0,0,119,5,0,61,Matches
89,Joel Coleman\Joel-Coleman,eng ENG,GK,Huddersfield,22,1995,1.0,12,37,32.4,517,326,0,1,0.0,2,2,100.0,10,34,29.4,0,0.0,0.0,0,1,0,0,0,Matches
90,Séamus Coleman\Seamus-Coleman,ie IRL,DF,Everton,29,1988,28.4,1218,1583,76.9,21085,9037,7,44,15.9,1017,1192,85.3,194,347,55.9,2,2.4,-0.4,22,97,25,14,188,Matches
91,Lewis Cook\Lewis-Cook,eng ENG,MF,Bournemouth,21,1997,8.0,328,400,82.0,6783,1660,4,11,36.4,234,270,86.7,90,119,75.6,0,0.1,-0.1,2,30,7,1,40,Matches
92,Steve Cook\Steve-Cook,eng ENG,DF,Bournemouth,27,1991,31.0,1222,1573,77.7,29083,10946,4,20,20.0,723,841,86.0,495,712,69.5,1,1.3,-0.3,12,88,5,1,117,Matches
93,Jack Cork\Jack-Cork,eng ENG,MF,Burnley,29,1989,36.8,1081,1349,80.1,19365,4193,25,47,53.2,835,978,85.4,221,324,68.2,2,1.5,+0.5,17,102,16,2,95,Matches
94,Hélder Costa\Helder-Costa,pt POR,FWMF,Wolves,24,1994,14.9,372,493,75.5,5672,1217,4,23,17.4,329,396,83.1,39,74,52.7,2,1.8,+0.2,17,18,20,2,39,Matches
95,Aaron Cresswell\Aaron-Cresswell,eng ENG,DF,West Ham,28,1989,17.7,835,1061,78.7,13626,5624,18,52,34.6,693,789,87.8,124,220,56.4,1,1.0,0.0,16,63,18,6,109,Matches
96,Peter Crouch\Peter-Crouch,eng ENG,FW,Burnley,37,1981,1.0,11,25,44.0,140,49,0,1,0.0,10,23,43.5,1,1,100.0,0,0.0,0.0,0,1,1,0,2,Matches
97,Greg Cunningham\Greg-Cunningham,ie IRL,DF,Cardiff City,27,1991,7.0,167,229,72.9,3036,1473,4,6,66.7,128,160,80.0,35,63,55.6,0,0.1,-0.1,5,19,5,4,32,Matches
98,Diogo Dalot\Diogo-Dalot,pt POR,DFMF,Manchester Utd,19,1999,11.3,395,556,71.0,7185,2625,4,20,20.0,306,388,78.9,85,148,57.4,2,1.8,+0.2,17,23,14,7,69,Matches
99,Matty Daly\Matty-Daly,eng ENG,MF,Huddersfield,17,2001,0.8,7,13,53.8,72,14,1,2,50.0,6,11,54.5,0,0,,0,0.0,0.0,0,1,0,0,0,Matches
100,Loïc Damour\Loic-Damour,fr FRA,MF,Cardiff City,27,1991,0.3,8,11,72.7,233,25,0,0,,4,5,80.0,4,6,66.7,0,0.0,0.0,0,1,0,0,0,Matches
101,Charlie Daniels\Charlie-Daniels,eng ENG,DF,Bournemouth,31,1986,17.6,785,1019,77.0,13981,5849,8,28,28.6,639,744,85.9,138,247,55.9,0,1.1,-1.1,11,62,22,6,112,Matches
102,Danilo\Danilo,br BRA,DF,Manchester City,27,1991,9.0,767,871,88.1,13915,3100,3,17,17.6,617,665,92.8,147,189,77.8,0,0.3,-0.3,5,69,9,1,66,Matches
103,Scott Dann\Scott-Dann,eng ENG,DF,Crystal Palace,31,1987,7.4,190,243,78.2,3784,1692,1,6,16.7,145,155,93.5,44,82,53.7,1,0.0,+1.0,0,10,0,0,17,Matches
104,Matteo Darmian\Matteo-Darmian,it ITA,DF,Manchester Utd,28,1989,4.9,176,206,85.4,2960,1297,2,5,40.0,145,156,92.9,29,45,64.4,0,0.1,-0.1,2,14,1,1,17,Matches
105,Ben Davies\Ben-Davies,wal WAL,DF,Tottenham,25,1993,20.5,1071,1314,81.5,18467,7269,8,35,22.9,894,1008,88.7,169,271,62.4,0,2.1,-2.1,17,82,21,7,145,Matches
106,Tom Davies\Tom-Davies,eng ENG,MF,Everton,20,1998,10.9,414,525,78.9,7840,1831,6,19,31.6,315,368,85.6,93,138,67.4,0,0.4,-0.4,5,49,8,0,51,Matches
107,Steven Davis\Steven-Davis,nir NIR,MF,Southampton,33,1985,1.1,65,69,94.2,1339,434,1,1,100.0,47,50,94.0,17,18,94.4,1,0.6,+0.4,3,6,3,1,7,Matches
108,Kevin De Bruyne\Kevin-De-Bruyne,be BEL,MF,Manchester City,27,1991,10.8,625,819,76.3,12509,3382,11,33,33.3,456,539,84.6,158,247,64.0,2,3.4,-1.4,33,66,44,8,110,Matches
109,Troy Deeney\Troy-Deeney,eng ENG,FW,Watford,30,1988,28.3,522,836,62.4,7505,2717,16,48,33.3,448,653,68.6,58,135,43.0,5,4.6,+0.4,40,61,42,3,109,Matches
110,Jermain Defoe\Jermain-Defoe,eng ENG,DFFW,Bournemouth,35,1982,0.3,0,0,,0,0,0,0,,0,0,,0,0,,0,0.0,0.0,0,0,0,0,0,Matches
111,Steven Defour\Steven-Defour,be BEL,MF,Burnley,30,1988,5.0,198,250,79.2,4054,1078,2,8,25.0,141,158,89.2,55,84,65.5,0,0.0,0.0,2,17,4,0,21,Matches
112,Fabian Delph\Fabian-Delph,eng ENG,DF,Manchester City,28,1989,8.1,692,758,91.3,12042,3058,1,11,9.1,571,599,95.3,120,148,81.1,1,0.3,+0.7,3,75,14,2,63,Matches
113,Mousa Dembélé\Mousa-Dembele,be BEL,MF,Tottenham,31,1987,5.7,278,308,90.3,4789,964,3,3,100.0,234,259,90.3,41,46,89.1,0,0.0,0.0,0,21,1,0,23,Matches
114,Leander Dendoncker\Leander-Dendoncker,be BEL,MF,Wolves,23,1995,16.3,504,625,80.6,8274,1826,11,31,35.5,411,486,84.6,82,108,75.9,0,1.1,-1.1,7,28,7,1,37,Matches
115,Laurent Depoitre\Laurent-Depoitre,be BEL,FW,Huddersfield,29,1988,11.9,169,261,64.8,2246,458,9,21,42.9,152,225,67.6,8,15,53.3,1,0.6,+0.4,7,10,6,0,17,Matches
116,Gerard Deulofeu\Gerard-Deulofeu,es ESP,FW,Watford,24,1994,23.0,580,795,73.0,9204,2193,13,52,25.0,483,598,80.8,84,145,57.9,5,4.6,+0.4,30,40,43,5,85,Matches
117,Fousseni Diabaté\Fousseni-Diabate,ml MLI,FW,Leicester City,22,1995,0.6,10,18,55.6,161,38,0,2,0.0,9,14,64.3,1,2,50.0,0,0.1,-0.1,1,0,1,1,1,Matches
118,Adama Diakhaby\Adama-Diakhaby,fr FRA,FWMF,Huddersfield,22,1996,6.1,118,164,72.0,1783,279,0,8,0.0,109,138,79.0,9,18,50.0,0,0.4,-0.4,5,2,4,0,11,Matches
119,Mohamed Diamé\Mohamed-Diame,sn SEN,MF,Newcastle Utd,31,1987,24.1,571,741,77.1,10387,2494,10,27,37.0,438,521,84.1,123,193,63.7,0,0.0,0.0,1,44,8,1,45,Matches
120,Grady Diangana\Grady-Diangana,eng ENG,FWMF,West Ham,20,1998,6.8,200,265,75.5,2919,785,4,12,33.3,175,217,80.6,21,36,58.3,1,1.2,-0.2,11,16,7,1,24,Matches
121,Eric Dier\Eric-Dier,eng ENG,MF,Tottenham,24,1994,16.7,890,1058,84.1,17043,4569,7,23,30.4,686,769,89.2,197,266,74.1,0,0.9,-0.9,8,80,12,3,78,Matches
122,Lucas Digne\Lucas-Digne,fr FRA,DF,Everton,25,1993,32.9,1460,2059,70.9,26883,12195,18,74,24.3,1155,1385,83.4,287,600,47.8,4,6.0,-2.0,70,112,51,30,293,Matches
123,Virgil van Dijk\Virgil-van-Dijk,nl NED,DF,Liverpool,27,1991,37.6,2709,2996,90.4,61696,17542,6,22,27.3,1758,1878,93.6,945,1096,86.2,2,1.1,+0.9,6,182,5,0,157,Matches
124,Issa Diop\Issa-Diop,fr FRA,DF,West Ham,21,1997,33.0,973,1141,85.3,19676,6689,12,25,48.0,688,780,88.2,273,336,81.3,0,0.1,-0.1,2,42,0,0,64,Matches
125,Matt Doherty\Matt-Doherty,ie IRL,DFMF,Wolves,26,1992,34.9,1333,1828,72.9,22929,10172,24,72,33.3,1101,1376,80.0,208,380,54.7,5,4.6,+0.4,41,74,32,11,294,Matches
126,Abdoulaye Doucouré\Abdoulaye-Doucoure,fr FRA,MF,Watford,25,1993,34.0,1640,1967,83.4,28537,6923,29,73,39.7,1318,1519,86.8,293,375,78.1,6,4.0,+2.0,37,149,36,4,165,Matches
127,Luke Dreher\Luke-Dreher,eng ENG,MF,Crystal Palace,19,1998,0.0,3,3,100.0,28,0,0,0,,3,3,100.0,0,0,,0,0.0,0.0,0,0,0,0,0,Matches
128,Martin Dúbravka\Martin-Dubravka,sk SVK,GK,Newcastle Utd,29,1989,38.0,686,1152,59.5,26442,18423,1,4,25.0,257,260,98.8,428,888,48.2,0,0.0,0.0,0,21,0,0,0,Matches
129,Shane Duffy\Shane-Duffy,ie IRL,DF,Brighton,26,1992,34.3,990,1268,78.1,23988,7882,20,28,71.4,569,676,84.2,401,564,71.1,1,0.3,+0.7,6,39,3,1,33,Matches
130,Demeaco Duhaney\Demeaco-Duhaney,eng ENG,DF,Huddersfield,19,1998,0.5,20,28,71.4,343,187,0,1,0.0,16,20,80.0,4,7,57.1,0,0.0,0.0,0,3,1,0,6,Matches
131,Paul Dummett\Paul-Dummett,wal WAL,DF,Newcastle Utd,26,1991,22.1,639,884,72.3,12842,6676,6,21,28.6,472,572,82.5,161,291,55.3,0,0.7,-0.7,5,75,12,4,104,Matches
132,Lewis Dunk\Lewis-Dunk,eng ENG,DF,Brighton,26,1991,35.0,1240,1489,83.3,30199,8695,14,31,45.2,732,795,92.1,494,663,74.5,1,0.7,+0.3,9,77,3,0,50,Matches
133,Erik Durm\Erik-Durm,de GER,DF,Huddersfield,26,1992,22.8,748,1072,69.8,12973,4976,5,39,12.8,602,742,81.1,141,291,48.5,1,0.9,+0.1,12,53,18,10,125,Matches
134,Bruno Ecuele Manga\Bruno-Ecuele-Manga,ga GAB,DF,Cardiff City,30,1988,37.5,706,1110,63.6,15221,7237,5,23,21.7,479,647,74.0,222,440,50.5,1,0.4,+0.6,5,75,6,1,143,Matches
135,Ederson\Ederson,br BRA,GK,Manchester City,24,1993,38.0,918,1071,85.7,24419,14709,1,3,33.3,550,551,99.8,367,517,71.0,1,0.3,+0.7,3,9,0,0,3,Matches
136,Harvey Elliot\Harvey-Elliot,eng ENG,MF,Fulham,15,2003,0.2,10,12,83.3,176,35,0,0,,7,8,87.5,3,4,75.0,0,0.0,0.0,0,0,1,0,1,Matches
137,Mohamed Elneny\Mohamed-Elneny,eg EGY,MF,Arsenal,26,1992,4.2,259,287,90.2,5088,1243,2,5,40.0,190,204,93.1,67,78,85.9,0,0.1,-0.1,4,18,3,0,28,Matches
138,Mohamed Elyounoussi\Mohamed-Elyounoussi,no NOR,MFFW,Southampton,23,1994,8.8,176,270,65.2,2887,915,5,16,31.3,143,193,74.1,28,61,45.9,0,0.9,-0.9,13,11,9,1,27,Matches
139,Christian Eriksen\Christian-Eriksen,dk DEN,MFFW,Tottenham,26,1992,30.8,1540,1985,77.6,28609,7805,22,66,33.3,1204,1408,85.5,314,511,61.4,12,6.8,+5.2,75,181,55,11,228,Matches
140,Neil Etheridge\Neil-Etheridge,ph PHI,GK,Cardiff City,28,1990,38.0,396,1188,33.3,23283,20303,0,1,0.0,23,26,88.5,373,1161,32.1,0,0.2,-0.2,3,65,0,0,0,Matches
141,Jonny Evans\Jonny-Evans,nir NIR,DF,Leicester City,30,1988,22.2,867,1013,85.6,19495,5850,4,9,44.4,583,637,91.5,280,367,76.3,0,0.2,-0.2,4,44,1,0,35,Matches
142,Łukasz Fabiański\Lukasz-Fabianski,pl POL,GK,West Ham,33,1985,38.0,651,1204,54.1,27972,20620,2,3,66.7,190,192,99.0,459,1009,45.5,0,0.2,-0.2,3,19,0,0,0,Matches
143,Fabinho\Fabinho,br BRA,MF,Liverpool,24,1993,22.4,1403,1631,86.0,27109,6384,12,30,40.0,1073,1183,90.7,318,418,76.1,2,1.3,+0.7,16,153,25,2,135,Matches
144,Cesc Fàbregas\Cesc-Fabregas,es ESP,MF,Chelsea,31,1987,2.0,165,193,85.5,3038,1041,0,2,0.0,137,150,91.3,28,41,68.3,0,0.3,-0.3,3,17,4,0,19,Matches
145,Fabricio\Fabricio,es ESP,GK,Fulham,30,1987,2.0,34,50,68.0,1178,824,0,0,,14,15,93.3,20,35,57.1,0,0.0,0.0,0,1,0,0,0,Matches
146,Marouane Fellaini\Marouane-Fellaini,be BEL,MF,Manchester Utd,30,1987,8.4,347,433,80.1,5685,1643,7,24,29.2,283,330,85.8,57,79,72.2,1,0.1,+0.9,3,31,1,0,31,Matches
147,Kiko Femenía\Kiko-Femenia,es ESP,DF,Watford,27,1991,22.8,950,1174,80.9,16155,6758,10,28,35.7,789,901,87.6,151,245,61.6,1,2.0,-1.0,15,66,26,13,131,Matches
148,Federico Fernández\Federico-Fernandez,ar ARG,DF,Newcastle Utd,29,1989,16.5,483,622,77.7,11554,4212,2,7,28.6,293,336,87.2,188,279,67.4,1,0.3,+0.7,4,33,4,2,45,Matches
149,Fernandinho\Fernandinho,br BRA,MF,Manchester City,33,1985,26.4,1804,2068,87.2,33312,9062,17,41,41.5,1430,1576,90.7,357,451,79.2,3,2.7,+0.3,24,265,48,0,218,Matches
150,Roberto Firmino\Roberto-Firmino,br BRA,FWMF,Liverpool,26,1991,29.0,1056,1303,81.0,15904,4432,24,70,34.3,905,1064,85.1,127,169,75.1,6,5.9,+0.1,42,90,54,3,158,Matches
151,Phil Foden\Phil-Foden,eng ENG,MF,Manchester City,18,2000,3.7,202,235,86.0,2955,456,8,16,50.0,172,191,90.1,22,28,78.6,0,0.6,-0.6,8,9,8,0,19,Matches
152,Fraser Forster\Fraser-Forster,eng ENG,GK,Southampton,30,1988,1.0,10,23,43.5,444,387,0,0,,5,5,100.0,5,18,27.8,0,0.0,0.0,0,0,0,0,0,Matches
153,Ben Foster\Ben-Foster,eng ENG,GK,Watford,35,1983,38.0,600,1242,48.3,28046,23821,0,3,0.0,160,167,95.8,440,1072,41.0,0,0.3,-0.3,7,44,1,0,2,Matches
154,Timothy Fosu-Mensah\Timothy-Fosu-Mensah,nl NED,DF,Fulham,20,1998,8.8,372,471,79.0,7249,2790,0,9,0.0,293,333,88.0,79,129,61.2,0,0.4,-0.4,4,25,5,2,51,Matches
155,Juan Foyth\Juan-Foyth,ar ARG,DF,Tottenham,20,1998,9.9,506,588,86.1,9974,2929,4,11,36.4,377,420,89.8,125,157,79.6,0,0.3,-0.3,3,28,3,1,24,Matches
156,Simon Francis\Simon-Francis,eng ENG,DF,Bournemouth,33,1985,13.7,598,815,73.4,11601,5627,4,24,16.7,457,544,84.0,137,247,55.5,2,1.0,+1.0,11,62,17,8,94,Matches
157,Ryan Fraser\Ryan-Fraser,sco SCO,MFFW,Bournemouth,24,1994,35.2,1019,1505,67.7,18740,6522,17,70,24.3,795,1010,78.7,207,425,48.7,14,12.2,+1.8,87,79,64,24,225,Matches
158,Fred\Fred,br BRA,MF,Manchester Utd,25,1993,11.6,656,769,85.3,13141,3451,12,21,57.1,478,536,89.2,166,212,78.3,1,0.9,+0.1,14,79,6,2,72,Matches
159,Ryan Fredericks\Ryan-Fredericks,eng ENG,DF,West Ham,25,1992,12.1,397,548,72.4,6041,2556,5,23,21.7,348,426,81.7,44,99,44.4,0,0.2,-0.2,3,18,8,6,48,Matches
160,Christian Fuchs\Christian-Fuchs,at AUT,DF,Leicester City,32,1986,2.3,121,158,76.6,2337,1103,0,6,0.0,96,105,91.4,25,47,53.2,0,0.3,-0.3,6,11,6,4,30,Matches
161,Manolo Gabbiadini\Manolo-Gabbiadini,it ITA,FWMF,Southampton,26,1991,5.3,83,119,69.7,1114,293,4,10,40.0,74,98,75.5,5,11,45.5,0,0.2,-0.2,4,3,3,0,5,Matches
162,Sam Gallagher\Sam-Gallagher,eng ENG,FW,Southampton,22,1995,0.4,2,8,25.0,18,0,0,0,,2,7,28.6,0,1,0.0,0,0.0,0.0,0,0,0,0,0,Matches
163,Idrissa Gana Gueye\Idrissa-Gana-Gueye,sn SEN,MF,Everton,28,1989,31.4,1478,1758,84.1,28783,7529,15,33,45.5,1111,1273,87.3,352,452,77.9,2,1.1,+0.9,19,172,20,2,171,Matches
164,James Garner\James-Garner,eng ENG,MF,Manchester Utd,17,2001,0.0,0,1,0.0,0,0,0,0,,0,1,0.0,0,0,,0,0.0,0.0,0,0,0,0,0,Matches
165,Paulo Gazzaniga\Paulo-Gazzaniga,ar ARG,GK,Tottenham,26,1992,3.0,70,105,66.7,2073,1166,0,0,,37,39,94.9,33,66,50.0,0,0.0,0.0,0,1,0,0,0,Matches
166,David de Gea\David-de-Gea,es ESP,GK,Manchester Utd,27,1990,38.0,712,1087,65.5,28362,21563,1,1,100.0,252,255,98.8,459,831,55.2,0,0.0,0.0,1,11,0,0,1,Matches
167,Rachid Ghezzal\Rachid-Ghezzal,dz ALG,FWMF,Leicester City,26,1992,8.3,355,466,76.2,6215,1684,13,26,50.0,280,334,83.8,62,106,58.5,0,1.8,-1.8,15,18,18,7,53,Matches
168,Morgan Gibbs-White\Morgan-Gibbs-White,eng ENG,MFFW,Wolves,18,2000,7.4,271,336,80.7,5384,991,2,10,20.0,195,234,83.3,74,92,80.4,1,1.4,-0.4,12,20,8,0,23,Matches
169,Ben Gibson\Ben-Gibson,eng ENG,DF,Burnley,25,1993,0.7,21,32,65.6,402,129,0,0,,17,21,81.0,4,11,36.4,0,0.0,0.0,0,1,0,0,2,Matches
170,Olivier Giroud\Olivier-Giroud,fr FRA,FW,Chelsea,31,1986,9.4,174,251,69.3,2173,218,9,16,56.3,150,216,69.4,15,19,78.9,4,2.0,+2.0,16,5,6,0,12,Matches
171,André Gomes\Andre-Gomes,pt POR,MF,Everton,25,1993,22.0,1025,1230,83.3,21258,4816,13,35,37.1,732,837,87.5,280,358,78.2,1,0.6,+0.4,7,106,21,3,117,Matches
172,Angel Gomes\Angel-Gomes,eng ENG,MFFW,Manchester Utd,17,2000,0.3,20,23,87.0,329,77,1,2,50.0,16,18,88.9,3,3,100.0,0,0.0,0.0,0,2,0,0,1,Matches
173,Joe Gomez\Joe-Gomez,eng ENG,DF,Liverpool,21,1997,11.8,705,828,85.1,15348,4917,2,8,25.0,468,518,90.3,235,302,77.8,0,0.4,-0.4,6,40,3,1,42,Matches
174,Jon Gorenc Stanković\Jon-Gorenc-Stankovic,si SVN,MFDF,Huddersfield,22,1996,7.9,226,287,78.7,4401,1234,3,12,25.0,163,183,89.1,60,92,65.2,0,0.2,-0.2,4,20,2,1,24,Matches
175,Dan Gosling\Dan-Gosling,eng ENG,MF,Bournemouth,28,1990,19.3,755,951,79.4,14741,4118,5,20,25.0,564,668,84.4,186,263,70.7,1,1.1,-0.1,7,89,16,0,100,Matches
176,Karlan Grant\Karlan-Grant,eng ENG,FWMF,Huddersfield,20,1997,9.7,147,213,69.0,1990,474,2,17,11.8,133,172,77.3,12,24,50.0,0,0.4,-0.4,8,8,2,0,11,Matches
177,Andre Gray\Andre-Gray,eng ENG,FW,Watford,27,1991,15.2,171,255,67.1,2354,520,9,25,36.0,145,197,73.6,17,33,51.5,2,1.4,+0.6,13,12,2,1,12,Matches
178,Demarai Gray\Demarai-Gray,eng ENG,FWMF,Leicester City,22,1996,22.1,523,709,73.8,8075,1716,12,38,31.6,440,538,81.8,71,133,53.4,1,0.7,+0.3,11,40,18,0,46,Matches
179,Mason Greenwood\Mason-Greenwood,eng ENG,FW,Manchester Utd,16,2001,1.3,51,61,83.6,703,145,1,3,33.3,46,50,92.0,4,8,50.0,0,0.1,-0.1,3,2,2,0,4,Matches
180,Pascal Groß\Pascal-Gross,de GER,MF,Brighton,27,1991,20.7,654,948,69.0,13134,4291,12,31,38.7,470,574,81.9,172,343,50.1,3,4.8,-1.8,53,76,25,11,118,Matches
181,Vicente Guaita\Vicente-Guaita,es ESP,GK,Crystal Palace,31,1987,19.5,297,592,50.2,11919,9316,3,3,100.0,107,109,98.2,187,480,39.0,0,0.0,0.0,1,7,0,0,0,Matches
182,Mattéo Guendouzi\Matteo-Guendouzi,fr FRA,MF,Arsenal,19,1999,23.9,1412,1623,87.0,27251,7336,15,46,32.6,1064,1162,91.6,333,415,80.2,0,2.0,-2.0,19,151,27,2,146,Matches
183,İlkay Gündoğan\Ilkay-Gundogan,de GER,MF,Manchester City,27,1990,23.7,1837,2095,87.7,33302,6806,22,46,47.8,1446,1554,93.1,369,495,74.5,3,4.0,-1.0,43,185,51,5,201,Matches
184,Angus Gunn\Angus-Gunn,eng ENG,GK,Southampton,22,1996,12.0,119,307,38.8,5691,4583,0,0,,34,34,100.0,85,273,31.1,0,0.0,0.0,0,11,0,0,0,Matches
185,Aron Gunnarsson\Aron-Gunnarsson,is ISL,MF,Cardiff City,29,1989,25.2,607,926,65.6,12383,4567,13,27,48.1,399,517,77.2,195,382,51.0,1,1.4,-0.4,13,60,11,2,119,Matches
186,Florent Hadergjonaj\Florent-Hadergjonaj,xk KVX,DFMF,Huddersfield,24,1994,20.5,703,979,71.8,12572,4929,11,43,25.6,557,675,82.5,135,261,51.7,0,1.6,-1.6,24,46,25,19,124,Matches
187,Ben Hamer\Ben-Hamer,eng ENG,GK,Huddersfield,30,1987,6.1,91,194,46.9,4175,3222,0,0,,21,22,95.5,70,172,40.7,0,0.0,0.0,0,4,0,0,0,Matches
188,Kadeem Harris\Kadeem-Harris,eng ENG,MFFW,Cardiff City,25,1993,4.2,64,99,64.6,953,248,0,6,0.0,58,80,72.5,6,13,46.2,0,0.4,-0.4,5,2,6,3,9,Matches
189,Joe Hart\Joe-Hart,eng ENG,GK,Burnley,31,1987,19.0,262,580,45.2,13832,11662,0,1,0.0,44,45,97.8,218,534,40.8,0,0.0,0.0,1,18,1,0,4,Matches
190,Isaac Hayden\Isaac-Hayden,eng ENG,MF,Newcastle Utd,23,1995,20.7,581,724,80.2,9817,2178,9,28,32.1,469,549,85.4,103,147,70.1,4,1.7,+2.3,20,49,10,2,55,Matches
191,Eden Hazard\Eden-Hazard,be BEL,FW,Chelsea,27,1991,32.5,1595,1999,79.8,27836,7322,26,75,34.7,1282,1501,85.4,287,423,67.8,15,9.2,+5.8,93,124,108,11,269,Matches
192,Rhys Healey\Rhys-Healey,wal WAL,FWMF,Cardiff City,23,1994,0.6,2,10,20.0,44,24,0,2,0.0,1,4,25.0,1,4,25.0,0,0.0,0.0,0,0,0,0,1,Matches
193,Tom Heaton\Tom-Heaton,eng ENG,GK,Burnley,32,1986,19.0,284,586,48.5,13943,11815,0,0,,66,68,97.1,218,518,42.1,0,0.1,-0.1,2,27,0,0,8,Matches
194,Jordan Henderson\Jordan-Henderson,eng ENG,MF,Liverpool,28,1990,22.1,1550,1799,86.2,32009,7087,18,50,36.0,1102,1205,91.5,430,544,79.0,3,1.4,+1.6,14,193,27,7,148,Matches
195,Jeff Hendrick\Jeff-Hendrick,ie IRL,MFFW,Burnley,26,1992,22.9,511,697,73.3,8369,2149,14,49,28.6,423,518,81.7,74,130,56.9,0,1.5,-1.5,15,29,20,4,59,Matches
196,Wayne Hennessey\Wayne-Hennessey,wal WAL,GK,Crystal Palace,31,1987,17.5,259,488,53.1,10826,8505,0,0,,80,80,100.0,179,408,43.9,0,0.0,0.0,0,10,0,0,1,Matches
197,Javier Hernández\Javier-Hernandez,mx MEX,FW,West Ham,30,1988,14.8,239,333,71.8,4039,786,5,18,27.8,187,248,75.4,47,67,70.1,1,1.7,-0.7,6,22,9,0,23,Matches
198,Ander Herrera\Ander-Herrera,es ESP,MF,Manchester Utd,28,1989,15.6,864,990,87.3,14140,4055,16,36,44.4,733,796,92.1,115,158,72.8,3,1.0,+2.0,12,62,10,1,84,Matches
199,Son Heung-min\Son-Heung-min,kr KOR,FWMF,Tottenham,26,1992,22.7,646,772,83.7,9639,1947,15,48,31.3,560,632,88.6,71,92,77.2,6,3.2,+2.8,31,31,31,4,71,Matches
200,Gonzalo Higuaín\Gonzalo-Higuain,ar ARG,FW,Chelsea,30,1987,12.1,253,325,77.8,3669,372,14,23,60.9,207,252,82.1,32,50,64.0,0,1.1,-1.1,15,8,9,0,11,Matches
201,Wesley Hoedt\Wesley-Hoedt,nl NED,DF,Southampton,24,1994,13.0,495,642,77.1,11771,4001,1,3,33.3,300,355,84.5,194,284,68.3,0,0.0,0.0,1,48,1,0,36,Matches
202,Jonathan Hogg\Jonathan-Hogg,eng ENG,MF,Huddersfield,29,1988,26.3,1304,1554,83.9,24059,5921,15,33,45.5,1007,1141,88.3,282,380,74.2,1,0.5,+0.5,16,122,12,1,101,Matches
203,Junior Hoilett\Junior-Hoilett,ca CAN,FWMF,Cardiff City,28,1990,23.8,334,531,62.9,5573,1933,8,35,22.9,277,355,78.0,49,141,34.8,1,1.2,-0.2,23,11,13,2,44,Matches
204,Rob Holding\Rob-Holding,eng ENG,DF,Arsenal,22,1995,9.0,540,614,87.9,11241,3676,3,6,50.0,379,416,91.1,158,192,82.3,0,0.1,-0.1,2,20,1,0,23,Matches
205,José Holebas\Jose-Holebas,gr GRE,DF,Watford,34,1984,26.6,819,1330,61.6,16549,7823,15,55,27.3,581,719,80.8,223,556,40.1,6,3.6,+2.4,36,53,16,10,175,Matches
206,Mason Holgate\Mason-Holgate,eng ENG,DF,Everton,21,1996,4.5,192,258,74.4,4537,1575,1,4,25.0,118,144,81.9,73,110,66.4,0,0.0,0.0,0,36,3,0,26,Matches
207,Callum Hudson-Odoi\Callum-Hudson-Odoi,eng ENG,FW,Chelsea,17,2000,4.4,192,236,81.4,3131,648,0,3,0.0,163,190,85.8,29,43,67.4,1,0.8,+0.2,8,7,9,5,16,Matches
208,Will Hughes\Will-Hughes,eng ENG,MFFW,Watford,23,1995,26.9,773,1007,76.8,11520,3796,29,64,45.3,653,785,83.2,91,158,57.6,4,3.3,+0.7,28,65,29,5,108,Matches
209,Emerson Hyndman\Emerson-Hyndman,us USA,MF,Bournemouth,22,1996,0.4,17,23,73.9,292,29,1,3,33.3,13,17,76.5,3,3,100.0,0,0.0,0.0,0,2,0,0,1,Matches
210,Pierre Højbjerg\Pierre-Hojbjerg,dk DEN,MF,Southampton,22,1995,30.7,1495,1824,82.0,28938,7067,13,43,30.2,1136,1304,87.1,346,477,72.5,3,2.4,+0.6,27,213,19,5,165,Matches
211,Jordon Ibe\Jordon-Ibe,eng ENG,MFFW,Bournemouth,22,1995,8.9,214,285,75.1,3736,1167,4,21,19.0,169,205,82.4,41,59,69.5,1,0.6,+0.4,10,13,19,4,44,Matches
212,Vicente Iborra\Vicente-Iborra,es ESP,MF,Leicester City,30,1988,2.5,124,144,86.1,2730,624,3,7,42.9,78,90,86.7,43,47,91.5,0,0.1,-0.1,1,15,1,0,12,Matches
213,Kelechi Iheanacho\Kelechi-Iheanacho,ng NGA,FWMF,Leicester City,21,1996,10.5,217,288,75.3,3346,684,4,11,36.4,184,228,80.7,29,49,59.2,3,1.7,+1.3,14,10,7,1,22,Matches
214,Danny Ings\Danny-Ings,eng ENG,FW,Southampton,26,1992,18.3,287,417,68.8,4558,1194,13,25,52.0,231,312,74.0,43,80,53.8,3,2.6,+0.4,25,32,16,2,42,Matches
215,Alex Iwobi\Alex-Iwobi,ng NGA,FWMF,Arsenal,22,1996,21.9,774,1031,75.1,12829,3703,8,56,14.3,661,799,82.7,105,176,59.7,6,5.3,+0.7,39,48,59,14,130,Matches
216,José Izquierdo\Jose-Izquierdo,co COL,MFFW,Brighton,26,1992,8.8,162,210,77.1,2460,812,4,13,30.8,136,164,82.9,22,33,66.7,1,0.4,+0.6,5,9,4,1,18,Matches
217,Phil Jagielka\Phil-Jagielka,eng ENG,DF,Everton,35,1982,3.7,136,177,76.8,3372,829,0,2,0.0,76,91,83.5,60,84,71.4,0,0.2,-0.2,1,8,0,0,6,Matches
218,Alireza Jahanbakhsh\Alireza-Jahanbakhsh,ir IRN,FWMF,Brighton,24,1993,11.3,210,306,68.6,3800,1206,4,20,20.0,166,210,79.0,40,76,52.6,0,0.3,-0.3,4,16,6,1,32,Matches
219,Daryl Janmaat\Daryl-Janmaat,nl NED,DF,Watford,29,1989,16.9,563,795,70.8,10749,4694,3,19,15.8,425,515,82.5,135,261,51.7,2,0.7,+1.3,10,48,23,11,105,Matches
220,Vincent Janssen\Vincent-Janssen,nl NED,FW,Tottenham,24,1994,0.4,7,10,70.0,68,0,0,1,0.0,7,8,87.5,0,1,0.0,0,0.0,0.0,0,0,0,0,0,Matches
221,Carl Jenkinson\Carl-Jenkinson,eng ENG,DF,Arsenal,26,1992,1.8,72,92,78.3,1161,305,1,8,12.5,63,70,90.0,8,14,57.1,0,0.0,0.0,0,2,1,0,4,Matches
222,Gabriel Jesus\Gabriel-Jesus,br BRA,FW,Manchester City,21,1997,11.5,296,358,82.7,4031,516,8,19,42.1,265,309,85.8,23,30,76.7,3,1.7,+1.3,20,14,6,0,21,Matches
223,Raúl Jiménez\Raul-Jimenez,mx MEX,FW,Wolves,27,1991,34.6,789,1072,73.6,12606,2289,20,64,31.3,649,823,78.9,120,185,64.9,7,7.0,0.0,42,44,39,5,81,Matches
224,Stefan Johansen\Stefan-Johansen,no NOR,MF,Fulham,27,1991,4.6,192,250,76.8,3595,1336,3,8,37.5,147,176,83.5,42,66,63.6,0,0.1,-0.1,1,20,4,0,31,Matches
225,Ben Johnson\Ben-Johnson,eng ENG,DF,West Ham,18,2000,0.7,19,22,86.4,239,115,0,1,0.0,18,18,100.0,1,3,33.3,0,0.0,0.0,0,1,0,0,0,Matches
226,Tyreke Johnson\Tyreke-Johnson,eng ENG,FW,Southampton,19,1998,0.0,0,0,,0,0,0,0,,0,0,,0,0,,0,0.0,0.0,0,0,0,0,0,Matches
227,Phil Jones\Phil-Jones,eng ENG,DF,Manchester Utd,26,1992,14.0,692,748,92.5,14538,4036,2,5,40.0,475,510,93.1,215,233,92.3,1,0.6,+0.4,3,31,2,0,31,Matches
228,Jorginho\Jorginho,it ITA,MF,Chelsea,26,1991,35.1,2703,3032,89.1,45124,13770,34,66,51.5,2286,2474,92.4,383,492,77.8,0,3.0,-3.0,29,348,47,1,317,Matches
229,Joselu\Joselu,es ESP,FW,Newcastle Utd,28,1990,6.6,124,195,63.6,1819,334,3,14,21.4,105,157,66.9,16,24,66.7,0,0.0,0.0,1,9,1,0,12,Matches
230,Diogo Jota\Diogo-Jota,pt POR,FWMF,Wolves,21,1996,26.2,597,788,75.8,9659,2057,13,47,27.7,511,624,81.9,73,117,62.4,5,3.8,+1.2,27,48,24,6,78,Matches
231,Mathias Jørgensen\Mathias-Jorgensen,dk DEN,DF,Huddersfield,28,1990,23.9,945,1156,81.7,18959,8020,16,31,51.6,679,771,88.1,250,354,70.6,1,0.3,+0.7,8,82,3,0,109,Matches
232,Christian Kabasele\Christian-Kabasele,be BEL,DF,Watford,27,1991,17.6,429,588,73.0,9585,3355,8,14,57.1,275,343,80.2,146,231,63.2,0,0.1,-0.1,1,30,0,0,33,Matches
233,Elias Kachunga\Elias-Kachunga,cd COD,FWMF,Huddersfield,26,1992,13.1,230,319,72.1,3314,705,11,29,37.9,195,251,77.7,24,39,61.5,0,0.1,-0.1,4,16,5,5,22,Matches
234,Aboubakar Kamara\Aboubakar-Kamara,fr FRA,FWMF,Fulham,23,1995,7.7,174,248,70.2,2866,539,0,10,0.0,147,189,77.8,27,49,55.1,0,0.8,-0.8,11,6,3,1,13,Matches
235,Harry Kane\Harry-Kane,eng ENG,FW,Tottenham,25,1993,26.9,423,575,73.6,8165,2156,9,30,30.0,312,393,79.4,102,152,67.1,4,4.0,0.0,29,58,17,3,81,Matches
236,N'Golo Kanté\NGolo-Kante,fr FRA,MF,Chelsea,27,1991,34.4,1805,2056,87.8,28654,6403,44,81,54.3,1521,1683,90.4,240,292,82.2,4,3.5,+0.5,47,149,40,7,150,Matches
237,Beram Kayal\Beram-Kayal,il ISR,MF,Brighton,30,1988,10.4,203,292,69.5,3618,1107,4,12,33.3,159,200,79.5,40,80,50.0,1,1.0,0.0,5,20,3,1,29,Matches
238,Michael Keane\Michael-Keane,eng ENG,DF,Everton,25,1993,33.0,1285,1558,82.5,28801,10748,5,17,29.4,844,962,87.7,436,579,75.3,2,0.7,+1.3,8,97,4,0,108,Matches
239,Neeskens Kebano\Neeskens-Kebano,cd COD,FWMF,Fulham,26,1992,1.2,25,32,78.1,394,53,0,1,0.0,24,30,80.0,1,1,100.0,0,0.0,0.0,0,2,0,0,1,Matches
240,Naby Keïta\Naby-Keita,gn GUI,MF,Liverpool,23,1995,15.4,898,1013,88.6,14683,3625,9,17,52.9,753,834,90.3,136,162,84.0,1,1.1,-0.1,10,95,33,1,114,Matches
241,Martin Kelly\Martin-Kelly,eng ENG,DF,Crystal Palace,28,1990,12.3,263,346,76.0,5782,2521,2,4,50.0,179,209,85.6,82,133,61.7,0,0.0,0.0,1,19,2,0,17,Matches
242,Kenedy\Kenedy,br BRA,MFFW,Newcastle Utd,22,1996,15.0,386,548,70.4,6741,2170,8,42,19.0,306,381,80.3,72,125,57.6,1,0.8,+0.2,11,33,13,5,53,Matches
243,Jonjoe Kenny\Jonjoe-Kenny,eng ENG,DF,Everton,21,1997,8.8,431,575,75.0,7656,3760,3,14,21.4,350,417,83.9,78,144,54.2,1,0.3,+0.7,5,47,13,3,81,Matches
244,Max Kilman\Max-Kilman,eng ENG,DF,Wolves,21,1997,0.0,0,0,,0,0,0,0,,0,0,,0,0,,0,0.0,0.0,0,0,0,0,0,Matches
245,Joshua King\Joshua-King,no NOR,FW,Bournemouth,26,1992,32.9,607,868,69.9,9411,2210,13,50,26.0,523,692,75.6,71,126,56.3,3,4.2,-1.2,37,42,39,7,94,Matches
246,Anthony Knockaert\Anthony-Knockaert,fr FRA,FWMF,Brighton,26,1991,20.4,523,736,71.1,9823,3182,8,29,27.6,407,500,81.4,108,207,52.2,6,4.3,+1.7,40,22,18,6,85,Matches
247,Sead Kolašinac\Sead-Kolasinac,ba BIH,DF,Arsenal,25,1993,21.0,973,1227,79.3,15331,5195,16,56,28.6,843,993,84.9,114,178,64.0,5,5.4,-0.4,32,52,24,9,117,Matches
248,Vincent Kompany\Vincent-Kompany,be BEL,DF,Manchester City,32,1986,13.6,1127,1212,93.0,24149,7772,4,8,50.0,751,797,94.2,372,407,91.4,0,0.1,-0.1,3,109,1,0,68,Matches
249,Terence Kongolo\Terence-Kongolo,nl NED,DF,Huddersfield,24,1994,30.2,952,1253,76.0,18738,8386,5,30,16.7,703,819,85.8,244,404,60.4,1,1.0,0.0,9,74,11,4,112,Matches
250,Laurent Koscielny\Laurent-Koscielny,fr FRA,DF,Arsenal,32,1985,14.8,805,871,92.4,18690,4802,4,10,40.0,493,520,94.8,308,341,90.3,0,0.1,-0.1,2,27,2,0,27,Matches
251,Cheikhou Kouyaté\Cheikhou-Kouyate,sn SEN,MF,Crystal Palace,28,1989,21.1,639,798,80.1,10031,3257,17,36,47.2,536,640,83.8,86,122,70.5,2,1.0,+1.0,15,67,6,3,70,Matches
252,Mateo Kovačić\Mateo-Kovacic,hr CRO,MF,Chelsea,24,1994,19.3,1355,1485,91.2,21641,5134,19,33,57.6,1141,1221,93.4,195,231,84.4,2,2.3,-0.3,25,136,21,1,100,Matches
253,Rajiv van La Parra\Rajiv-van-La-Parra,nl NED,MFFW,Huddersfield,27,1991,4.5,94,121,77.7,1632,295,3,8,37.5,70,83,84.3,21,30,70.0,0,0.1,-0.1,5,6,1,0,10,Matches
254,Alexandre Lacazette\Alexandre-Lacazette,fr FRA,FW,Arsenal,27,1991,27.8,579,797,72.6,8085,2130,39,84,46.4,475,607,78.3,65,106,61.3,8,2.7,+5.3,29,32,45,3,79,Matches
255,Adam Lallana\Adam-Lallana,eng ENG,MFFW,Liverpool,30,1988,5.2,253,304,83.2,3360,881,9,16,56.3,226,256,88.3,18,32,56.3,0,0.5,-0.5,9,13,9,0,35,Matches
256,Érik Lamela\Erik-Lamela,ar ARG,FWMF,Tottenham,26,1992,10.8,368,449,82.0,5672,1246,8,23,34.8,308,353,87.3,52,73,71.2,2,2.6,-0.6,24,26,20,2,47,Matches
257,Manuel Lanzini\Manuel-Lanzini,ar ARG,MF,West Ham,25,1993,7.6,408,471,86.6,5682,1754,19,27,70.4,359,393,91.3,30,51,58.8,1,0.9,+0.1,6,28,7,0,42,Matches
258,Aymeric Laporte\Aymeric-Laporte,fr FRA,DF,Manchester City,24,1994,34.0,2793,3028,92.2,59118,19695,11,21,52.4,1983,2079,95.4,799,928,86.1,3,1.2,+1.8,14,322,7,0,251,Matches
259,Jamaal Lascelles\Jamaal-Lascelles,eng ENG,DF,Newcastle Utd,24,1993,30.5,836,1087,76.9,18344,6066,7,22,31.8,553,673,82.2,276,392,70.4,1,0.3,+0.7,2,42,0,0,53,Matches
260,Maxime Le Marchand\Maxime-Le-Marchand,fr FRA,DF,Fulham,28,1989,25.0,1195,1448,82.5,23779,9349,5,24,20.8,915,1002,91.3,275,422,65.2,1,0.5,+0.5,7,57,9,3,87,Matches
261,Florian Lejeune\Florian-Lejeune,fr FRA,DF,Newcastle Utd,27,1991,11.7,427,554,77.1,10966,3864,0,8,0.0,258,309,83.5,169,237,71.3,0,0.2,-0.2,3,49,3,0,33,Matches
262,Mario Lemina\Mario-Lemina,ga GAB,MF,Southampton,24,1993,17.9,704,833,84.5,12903,3282,9,19,47.4,560,624,89.7,135,190,71.1,1,0.4,+0.6,11,67,12,1,71,Matches
263,Aaron Lennon\Aaron-Lennon,eng ENG,FWMF,Burnley,31,1987,13.5,235,316,74.4,3720,765,1,16,6.3,199,241,82.6,35,59,59.3,1,0.6,+0.4,7,7,7,2,19,Matches
264,Bernd Leno\Bernd-Leno,de GER,GK,Arsenal,26,1992,31.5,779,1102,70.7,22158,12515,4,7,57.1,408,412,99.0,367,683,53.7,0,0.0,0.0,0,4,0,0,2,Matches
265,Jefferson Lerma\Jefferson-Lerma,co COL,MF,Bournemouth,23,1994,27.8,1320,1566,84.3,24967,6790,15,38,39.5,1018,1147,88.8,287,381,75.3,0,0.9,-0.9,15,116,13,1,117,Matches
266,Stephan Lichtsteiner\Stephan-Lichtsteiner,ch SUI,DF,Arsenal,34,1984,10.4,460,600,76.7,8056,2628,3,30,10.0,385,435,88.5,72,135,53.3,0,0.0,0.0,2,22,7,1,47,Matches
267,Victor Lindelöf\Victor-Lindelof,se SWE,DF,Manchester Utd,24,1994,28.9,1323,1481,89.3,25954,9015,12,27,44.4,1015,1079,94.1,296,375,78.9,1,1.0,0.0,4,57,6,0,71,Matches
268,Jesse Lingard\Jesse-Lingard,eng ENG,FWMF,Manchester Utd,25,1992,18.5,668,788,84.8,9707,1844,30,49,61.2,564,636,88.7,74,103,71.8,2,2.1,-0.1,17,59,14,1,49,Matches
269,Fernando Llorente\Fernando-Llorente,es ESP,FW,Tottenham,33,1985,7.7,152,220,69.1,2050,282,6,11,54.5,133,185,71.9,13,24,54.2,4,1.3,+2.7,11,9,2,0,6,Matches
270,Hugo Lloris\Hugo-Lloris,fr FRA,GK,Tottenham,31,1986,33.0,890,1169,76.1,28106,16314,0,0,,408,413,98.8,482,756,63.8,0,0.0,0.0,1,10,0,0,0,Matches
271,Jürgen Locadia\Jurgen-Locadia,nl NED,FWMF,Brighton,24,1993,13.7,263,357,73.7,4464,995,5,16,31.3,217,280,77.5,41,61,67.2,0,1.1,-1.1,13,12,11,3,25,Matches
272,Ruben Loftus-Cheek\Ruben-Loftus-Cheek,eng ENG,MFFW,Chelsea,22,1996,11.1,549,624,88.0,8297,1589,12,29,41.4,480,527,91.1,57,68,83.8,2,1.4,+0.6,17,45,8,0,51,Matches
273,Kevin Long\Kevin-Long,ie IRL,DF,Burnley,27,1990,5.7,139,177,78.5,3437,1180,1,3,33.3,80,93,86.0,58,81,71.6,1,0.0,+1.0,0,8,0,0,10,Matches
274,Shane Long\Shane-Long,ie IRL,FWMF,Southampton,31,1987,14.1,211,329,64.1,2897,574,9,24,37.5,181,259,69.9,21,46,45.7,1,1.1,-0.1,13,13,5,2,23,Matches
275,Sean Longstaff\Sean-Longstaff,eng ENG,MF,Newcastle Utd,20,1997,7.6,236,295,80.0,4937,1046,1,5,20.0,167,191,87.4,68,99,68.7,0,0.5,-0.5,5,29,6,1,27,Matches
276,Ademola Lookman\Ademola-Lookman,eng ENG,FWMF,Everton,20,1997,6.9,221,273,81.0,3282,948,5,15,33.3,198,225,88.0,18,33,54.5,2,1.2,+0.8,9,18,11,4,33,Matches
277,Jonas Lössl\Jonas-Lossl,dk DEN,GK,Huddersfield,29,1989,30.9,693,1097,63.2,27674,20380,0,1,0.0,213,215,99.1,480,881,54.5,1,0.4,+0.6,3,21,0,0,1,Matches
278,Dejan Lovren\Dejan-Lovren,hr CRO,DF,Liverpool,29,1989,11.0,716,809,88.5,15081,4992,4,8,50.0,508,542,93.7,204,259,78.8,0,0.3,-0.3,1,32,2,1,29,Matches
279,Chris Löwe\Chris-Lowe,de GER,DFMF,Huddersfield,29,1989,22.9,747,1081,69.1,14723,4960,8,52,15.4,559,685,81.6,180,344,52.3,2,1.5,+0.5,18,40,28,18,99,Matches
280,Matthew Lowton\Matthew-Lowton,eng ENG,DF,Burnley,29,1989,19.4,623,910,68.5,12978,6126,5,18,27.8,449,556,80.8,169,336,50.3,0,0.7,-0.7,8,68,19,7,131,Matches
281,David Luiz\David-Luiz,br BRA,DF,Chelsea,31,1987,36.0,2293,2621,87.5,53145,18569,17,31,54.8,1460,1571,92.9,816,1019,80.1,2,2.6,-0.6,16,240,20,1,232,Matches
282,Romelu Lukaku\Romelu-Lukaku,be BEL,FW,Manchester Utd,25,1993,23.7,379,583,65.0,5724,1330,10,27,37.0,321,458,70.1,48,98,49.0,0,3.0,-3.0,24,30,27,4,49,Matches
283,James Maddison\James-Maddison,eng ENG,MFFW,Leicester City,21,1996,31.5,1243,1617,76.9,23847,7531,17,48,35.4,925,1070,86.4,301,499,60.3,7,7.2,-0.2,96,137,51,5,237,Matches
284,Gary Madine\Gary-Madine,eng ENG,FWMF,Cardiff City,27,1990,0.4,12,13,92.3,162,43,1,1,100.0,11,12,91.7,0,0,,0,0.0,0.0,0,2,1,0,3,Matches
285,Harry Maguire\Harry-Maguire,eng ENG,DF,Leicester City,25,1993,28.8,1496,1749,85.5,35344,11701,12,30,40.0,912,1018,89.6,572,701,81.6,0,0.3,-0.3,9,177,10,0,166,Matches
286,Riyad Mahrez\Riyad-Mahrez,dz ALG,FWMF,Manchester City,27,1991,14.9,717,884,81.1,13230,2838,10,30,33.3,557,634,87.9,150,220,68.2,4,4.3,-0.3,25,29,45,10,98,Matches
287,Ainsley Maitland-Niles\Ainsley-Maitland-Niles,eng ENG,DF,Arsenal,20,1997,11.0,454,571,79.5,7893,2740,5,25,20.0,377,435,86.7,72,111,64.9,1,1.1,-0.1,6,33,14,1,73,Matches
288,Sadio Mané\Sadio-Mane,sn SEN,FW,Liverpool,26,1992,34.2,932,1215,76.7,15438,3354,16,61,26.2,780,954,81.8,136,200,68.0,1,4.6,-3.6,43,77,44,4,111,Matches
289,Javier Manquillo\Javier-Manquillo,es ESP,DF,Newcastle Utd,24,1994,12.2,352,517,68.1,6145,2642,6,25,24.0,288,373,77.2,58,119,48.7,3,0.9,+2.1,8,27,11,3,77,Matches
290,Solly March\Solly-March,eng ENG,FWMF,Brighton,24,1994,27.4,597,924,64.6,11310,3191,14,71,19.7,452,592,76.4,131,261,50.2,5,4.0,+1.0,38,35,34,20,86,Matches
291,Adrian Mariappa\Adrian-Mariappa,jm JAM,DF,Watford,31,1986,21.4,736,879,83.7,15862,5860,6,12,50.0,492,541,90.9,238,326,73.0,0,0.7,-0.7,5,47,3,1,44,Matches
292,Lazar Marković\Lazar-Markovic,rs SRB,FW,Fulham,24,1994,0.5,29,30,96.7,388,97,1,2,50.0,26,26,100.0,2,2,100.0,0,0.0,0.0,1,2,1,0,2,Matches
293,Anthony Martial\Anthony-Martial,fr FRA,FW,Manchester Utd,22,1995,18.0,575,752,76.5,7917,2249,12,44,27.3,522,637,81.9,41,71,57.7,2,2.6,-0.6,33,35,30,4,83,Matches
294,Adam Masina\Adam-Masina,it ITA,DF,Watford,24,1994,11.2,436,565,77.2,7775,3455,7,24,29.2,349,413,84.5,80,128,62.5,1,0.4,+0.6,2,30,4,2,67,Matches
295,Arthur Masuaku\Arthur-Masuaku,cd COD,DF,West Ham,24,1993,19.5,878,1092,80.4,15287,6277,14,38,36.8,711,802,88.7,153,252,60.7,1,1.5,-0.5,15,65,13,6,91,Matches
296,Juan Mata\Juan-Mata,es ESP,FWMF,Manchester Utd,30,1988,14.3,618,766,80.7,10983,2704,10,23,43.5,483,543,89.0,125,200,62.5,2,2.8,-0.8,29,62,25,6,84,Matches
297,Nemanja Matić\Nemanja-Matic,rs SRB,MF,Manchester Utd,29,1988,27.1,1579,1797,87.9,30170,7839,23,42,54.8,1180,1297,91.0,376,458,82.1,0,0.9,-0.9,14,173,21,4,152,Matches
298,Joël Matip\Joel-Matip,cm CMR,DF,Liverpool,26,1991,17.1,1158,1320,87.7,25138,7510,5,12,41.7,789,851,92.7,364,457,79.6,0,0.1,-0.1,2,85,5,0,60,Matches
299,Konstantinos Mavropanos\Konstantinos-Mavropanos,gr GRE,DF,Arsenal,20,1997,1.6,125,133,94.0,2672,563,2,3,66.7,88,92,95.7,35,38,92.1,0,0.3,-0.3,1,12,0,0,8,Matches
300,Alfie Mawson\Alfie-Mawson,eng ENG,DF,Fulham,24,1994,12.6,397,487,81.5,8970,2945,2,6,33.3,263,291,90.4,132,190,69.5,0,0.0,0.0,1,19,0,0,29,Matches
301,Isaac Mbenza\Isaac-Mbenza,be BEL,FWMF,Huddersfield,22,1996,11.0,188,282,66.7,3095,849,2,14,14.3,156,207,75.4,30,61,49.2,1,0.8,+0.2,7,9,7,5,21,Matches
302,James McArthur\James-McArthur,sco SCO,MF,Crystal Palace,30,1987,34.0,1151,1454,79.2,20576,5246,16,54,29.6,915,1066,85.8,220,334,65.9,6,3.6,+2.4,30,106,17,2,101,Matches
303,Alex McCarthy\Alex-McCarthy,eng ENG,GK,Southampton,28,1989,25.0,318,637,49.9,12362,9009,0,2,0.0,121,122,99.2,197,513,38.4,0,0.0,0.0,0,17,0,0,0,Matches
304,James McCarthy\James-McCarthy,ie IRL,MF,Everton,27,1990,0.2,7,8,87.5,107,11,1,2,50.0,4,4,100.0,2,2,100.0,0,0.0,0.0,0,1,0,0,0,Matches
305,Kevin McDonald\Kevin-McDonald,sco SCO,MF,Fulham,29,1988,9.3,484,567,85.4,9208,2394,6,9,66.7,364,400,91.0,114,158,72.2,0,0.1,-0.1,3,46,0,0,35,Matches
306,Dwight McNeil\Dwight-McNeil,eng ENG,MFFW,Burnley,18,1999,17.7,383,584,65.6,6974,2251,8,41,19.5,303,378,80.2,72,165,43.6,5,3.5,+1.5,27,25,20,14,69,Matches
307,Scott McTominay\Scott-McTominay,sco SCO,MFDF,Manchester Utd,21,1996,9.6,387,455,85.1,6937,1960,5,9,55.6,312,345,90.4,70,101,69.3,0,0.0,0.0,1,33,1,0,28,Matches
308,Ben Mee\Ben-Mee,eng ENG,DF,Burnley,28,1989,38.0,1119,1484,75.4,27336,10810,6,25,24.0,666,787,84.6,447,672,66.5,2,1.3,+0.7,9,122,5,1,99,Matches
309,Nathaniel Mendez-Laing\Nathaniel-Mendez-Laing,eng ENG,MFFW,Cardiff City,26,1992,10.9,173,284,60.9,2672,1157,3,30,10.0,143,202,70.8,27,52,51.9,1,1.4,-0.4,20,15,10,6,37,Matches
310,Benjamin Mendy\Benjamin-Mendy,fr FRA,DF,Manchester City,24,1994,10.0,668,791,84.5,11962,3861,5,13,38.5,559,615,90.9,104,163,63.8,5,1.5,+3.5,12,54,27,11,113,Matches
311,Nampalys Mendy\Nampalys-Mendy,fr FRA,MF,Leicester City,26,1992,23.2,969,1106,87.6,17004,3829,12,28,42.9,783,858,91.3,174,220,79.1,0,0.2,-0.2,6,95,5,3,80,Matches
312,Chris Mepham\Chris-Mepham,wal WAL,DF,Bournemouth,20,1997,9.4,324,391,82.9,6860,2225,2,5,40.0,216,244,88.5,106,142,74.6,1,0.0,+1.0,0,17,0,0,22,Matches
313,Max Meyer\Max-Meyer,de GER,MFFW,Crystal Palace,22,1995,15.7,566,697,81.2,8453,2154,11,31,35.5,498,575,86.6,57,91,62.6,2,1.3,+0.7,23,45,13,2,56,Matches
314,Luka Milivojević\Luka-Milivojevic,rs SRB,MF,Crystal Palace,27,1991,38.0,1629,2140,76.1,32438,10106,27,65,41.5,1201,1378,87.2,401,697,57.5,2,3.2,-1.2,59,181,26,8,248,Matches
315,James Milner\James-Milner,eng ENG,MFDF,Liverpool,32,1986,19.9,1300,1614,80.5,25922,9195,17,52,32.7,967,1091,88.6,316,471,67.1,4,4.7,-0.7,45,143,41,7,207,Matches
316,Yerry Mina\Yerry-Mina,co COL,DF,Everton,23,1994,9.9,413,488,84.6,9307,3264,1,5,20.0,267,297,89.9,145,186,78.0,0,0.2,-0.2,3,28,1,0,34,Matches
317,Tyrone Mings\Tyrone-Mings,eng ENG,DF,Bournemouth,25,1993,1.6,74,91,81.3,1377,495,1,3,33.3,57,66,86.4,16,22,72.7,0,0.0,0.0,0,8,0,0,6,Matches
318,Aleksandar Mitrović\Aleksandar-Mitrovic,rs SRB,FW,Fulham,23,1994,36.4,761,1053,72.3,10521,1885,27,58,46.6,666,887,75.1,68,108,63.0,3,2.6,+0.4,26,45,16,0,64,Matches
319,Henrikh Mkhitaryan\Henrikh-Mkhitaryan,am ARM,FWMF,Arsenal,29,1989,18.2,661,872,75.8,10549,3037,16,52,30.8,553,659,83.9,92,161,57.1,4,4.2,-0.2,27,67,32,2,96,Matches
320,Nacho Monreal\Nacho-Monreal,es ESP,DF,Arsenal,32,1986,20.7,1121,1296,86.5,18755,6573,18,44,40.9,938,1024,91.6,165,228,72.4,3,1.4,+1.6,11,68,14,3,101,Matches
321,Martín Montoya\Martin-Montoya,es ESP,DF,Brighton,27,1991,24.1,895,1145,78.2,15916,7060,7,41,17.1,733,862,85.0,155,242,64.0,1,1.1,-0.1,19,67,27,12,148,Matches
322,Aaron Mooy\Aaron-Mooy,au AUS,MFFW,Huddersfield,27,1990,25.9,1078,1427,75.5,19310,6216,16,57,28.1,857,993,86.3,205,377,54.4,1,2.8,-1.8,43,134,29,9,172,Matches
323,Álvaro Morata\Alvaro-Morata,es ESP,FW,Chelsea,25,1992,10.5,171,219,78.1,2572,235,9,12,75.0,140,173,80.9,22,34,64.7,0,0.2,-0.2,6,13,1,0,5,Matches
324,Alberto Moreno\Alberto-Moreno,es ESP,DF,Liverpool,26,1992,1.7,110,126,87.3,2136,675,0,2,0.0,83,89,93.3,27,35,77.1,0,0.1,-0.1,3,7,5,1,15,Matches
325,Wes Morgan\Wes-Morgan,jm JAM,DF,Leicester City,34,1984,21.4,739,896,82.5,15028,4386,9,15,60.0,522,600,87.0,208,281,74.0,0,0.2,-0.2,2,34,0,0,34,Matches
326,Sean Morrison\Sean-Morrison,eng ENG,DF,Cardiff City,27,1991,33.8,525,909,57.8,11406,5405,4,27,14.8,349,511,68.3,172,371,46.4,3,2.4,+0.6,17,35,8,1,68,Matches
327,Victor Moses\Victor-Moses,ng NGA,FW,Chelsea,27,1990,0.3,11,14,78.6,167,18,0,1,0.0,10,12,83.3,1,1,100.0,0,0.0,0.0,0,0,1,0,1,Matches
328,Steve Mounié\Steve-Mounie,bj BEN,FW,Huddersfield,23,1994,19.8,363,557,65.2,5226,903,7,32,21.9,322,469,68.7,34,56,60.7,3,1.9,+1.1,17,25,3,0,27,Matches
329,Lucas Moura\Lucas-Moura,br BRA,FWMF,Tottenham,25,1992,23.6,561,745,75.3,8649,2162,10,35,28.6,486,595,81.7,65,115,56.5,0,1.8,-1.8,27,37,18,2,61,Matches
330,Lys Mousset\Lys-Mousset,fr FRA,FWMF,Bournemouth,22,1996,4.1,86,121,71.1,1107,286,4,9,44.4,76,105,72.4,6,7,85.7,0,0.5,-0.5,4,9,6,0,10,Matches
331,João Moutinho\Joao-Moutinho,pt POR,MF,Wolves,31,1986,33.7,1660,2063,80.5,35146,9787,15,32,46.9,1170,1309,89.4,475,722,65.8,8,5.6,+2.4,80,195,45,14,263,Matches
332,Jacob Murphy\Jacob-Murphy,eng ENG,MFFW,Newcastle Utd,23,1995,3.4,39,71,54.9,839,321,0,1,0.0,26,41,63.4,13,29,44.8,1,0.4,+0.6,1,2,3,2,9,Matches
333,Josh Murphy\Josh-Murphy,eng ENG,FWMF,Cardiff City,23,1995,20.2,209,384,54.4,3749,1464,3,32,9.4,163,228,71.5,43,124,34.7,2,3.1,-1.1,14,20,12,6,35,Matches
334,Glenn Murray\Glenn-Murray,eng ENG,FW,Brighton,34,1983,27.9,385,633,60.8,5595,1071,16,42,38.1,333,517,64.4,36,74,48.6,1,0.9,+0.1,11,25,9,3,36,Matches
335,Shkodran Mustafi\Shkodran-Mustafi,de GER,DF,Arsenal,26,1992,29.0,1438,1747,82.3,31858,10818,8,22,36.4,936,1055,88.7,494,670,73.7,0,0.2,-0.2,5,112,10,0,105,Matches
336,Yoshinori Mutō\Yoshinori-Muto,jp JPN,FW,Newcastle Utd,26,1992,5.8,89,127,70.1,1240,289,4,18,22.2,75,91,82.4,10,18,55.6,0,0.3,-0.3,3,10,1,0,8,Matches
337,Georges-Kévin N'Koudou\Georges-Kevin-NKoudou,fr FRA,FW,Tottenham,23,1995,0.1,3,4,75.0,79,35,0,0,,2,2,100.0,1,2,50.0,1,0.1,+0.9,1,0,1,1,1,Matches
338,Samir Nasri\Samir-Nasri,fr FRA,MF,West Ham,31,1987,2.7,135,155,87.1,2084,479,5,5,100.0,109,120,90.8,21,30,70.0,2,0.8,+1.2,6,11,6,1,13,Matches
339,Marc Navarro\Marc-Navarro,es ESP,DF,Watford,23,1995,0.9,22,34,64.7,439,98,2,2,100.0,16,20,80.0,4,12,33.3,0,0.0,0.0,0,0,0,0,2,Matches
340,Wilfred Ndidi\Wilfred-Ndidi,ng NGA,MF,Leicester City,21,1996,36.6,1634,2035,80.3,29967,7215,20,67,29.9,1255,1485,84.5,359,483,74.3,0,1.4,-1.4,22,155,11,0,153,Matches
341,Rúben Neves\Ruben-Neves,pt POR,MF,Wolves,21,1997,33.4,1569,1946,80.6,37264,9235,7,40,17.5,981,1122,87.4,581,784,74.1,3,1.3,+1.7,19,198,17,3,176,Matches
342,Oumar Niasse\Oumar-Niasse,sn SEN,FW,Cardiff City,28,1990,10.3,115,169,68.0,1645,349,5,22,22.7,101,131,77.1,9,16,56.3,0,0.5,-0.5,5,4,5,1,14,Matches
343,Oumar Niasse\Oumar-Niasse,sn SEN,FWMF,Everton,28,1990,0.7,13,22,59.1,193,64,0,1,0.0,13,18,72.2,0,3,0.0,0,0.2,-0.2,1,1,2,1,3,Matches
344,Eddie Nketiah\Eddie-Nketiah,eng ENG,MFFW,Arsenal,19,1999,0.7,19,20,95.0,230,53,1,1,100.0,18,18,100.0,0,1,0.0,0,0.2,-0.2,1,1,1,0,2,Matches
345,Mark Noble\Mark-Noble,eng ENG,MF,West Ham,31,1987,25.5,1293,1533,84.3,26334,7460,21,39,53.8,919,1044,88.0,353,450,78.4,5,2.2,+2.8,21,140,28,5,163,Matches
346,Håvard Nordtveit\Havard-Nordtveit,no NOR,DF,Fulham,28,1990,4.0,191,228,83.8,4649,1761,2,3,66.7,111,123,90.2,78,102,76.5,1,0.2,+0.8,3,13,0,0,7,Matches
347,Will Norris\Will-Norris,eng ENG,GK,Wolves,24,1993,0.0,0,0,,0,0,0,0,,0,0,,0,0,,0,0.0,0.0,0,0,0,0,0,Matches
348,Michael Obafemi\Michael-Obafemi,ie IRL,FW,Southampton,18,2000,1.5,17,23,73.9,225,26,0,1,0.0,16,21,76.2,1,1,100.0,1,0.2,+0.8,2,0,3,1,3,Matches
349,Pedro Obiang\Pedro-Obiang,gq EQG,MF,West Ham,26,1992,12.5,434,549,79.1,8134,2245,5,14,35.7,335,403,83.1,94,132,71.2,1,0.4,+0.6,4,47,4,1,51,Matches
350,Denis Odoi\Denis-Odoi,be BEL,DF,Fulham,30,1988,28.8,1165,1418,82.2,22741,8242,10,28,35.7,878,975,90.1,277,415,66.7,1,0.8,+0.2,11,106,9,2,104,Matches
351,Angelo Ogbonna\Angelo-Ogbonna,it ITA,DF,West Ham,30,1988,20.8,659,787,83.7,13634,4255,9,13,69.2,459,517,88.8,191,257,74.3,1,0.5,+0.5,4,35,2,0,34,Matches
352,Stefano Okaka\Stefano-Okaka,it ITA,FW,Watford,28,1989,0.3,9,13,69.2,112,32,1,1,100.0,7,10,70.0,1,2,50.0,0,0.2,-0.2,2,1,1,1,1,Matches
353,Shinji Okazaki\Shinji-Okazaki,jp JPN,FWMF,Leicester City,32,1986,3.2,75,99,75.8,919,207,1,5,20.0,70,84,83.3,4,10,40.0,1,0.3,+0.7,2,4,1,0,7,Matches
354,Divock Origi\Divock-Origi,be BEL,FW,Liverpool,23,1995,4.1,77,115,67.0,1316,359,2,9,22.2,63,87,72.4,12,19,63.2,1,0.2,+0.8,3,5,4,2,9,Matches
355,Nicolás Otamendi\Nicolas-Otamendi,ar ARG,DF,Manchester City,30,1988,13.7,1156,1243,93.0,24413,6048,3,10,30.0,806,844,95.5,347,389,89.2,0,0.2,-0.2,2,80,2,0,54,Matches
356,Alex Oxlade-Chamberlain\Alex-Oxlade-Chamberlain,eng ENG,MFFW,Liverpool,24,1993,0.2,12,14,85.7,213,105,0,1,0.0,8,9,88.9,4,4,100.0,0,0.0,0.0,1,3,0,0,6,Matches
357,Mesut Özil\Mesut-Ozil,de GER,MFFW,Arsenal,29,1988,19.3,1028,1179,87.2,16606,4368,24,36,66.7,850,941,90.3,154,202,76.2,2,5.3,-3.3,46,101,51,11,147,Matches
358,Emerson Palmieri\Emerson-Palmieri,it ITA,DF,Chelsea,23,1994,7.4,451,518,87.1,6364,1730,7,21,33.3,409,438,93.4,35,59,59.3,0,0.6,-0.6,4,22,14,3,37,Matches
359,Sokratis Papastathopoulos\Sokratis-Papastathopoulos,gr GRE,DF,Arsenal,30,1988,24.4,1215,1353,89.8,26636,7826,3,8,37.5,797,846,94.2,415,499,83.2,2,0.6,+1.4,4,33,4,0,40,Matches
360,Callum Paterson\Callum-Paterson,sco SCO,FWMF,Cardiff City,23,1994,22.2,281,584,48.1,4509,2059,5,37,13.5,241,449,53.7,35,98,35.7,1,2.0,-1.0,19,44,18,2,69,Matches
361,Rui Patrício\Rui-Patricio,pt POR,GK,Wolves,30,1988,37.0,493,835,59.0,19806,13496,0,0,,145,147,98.6,348,688,50.6,0,0.0,0.0,0,5,0,0,0,Matches
362,Pedro\Pedro,es ESP,FW,Chelsea,31,1987,19.8,950,1135,83.7,15008,3048,13,31,41.9,820,926,88.6,117,178,65.7,2,2.7,-0.7,27,50,30,8,77,Matches
363,Lee Peltier\Lee-Peltier,eng ENG,DF,Cardiff City,31,1986,17.2,279,442,63.1,5423,2500,7,17,41.2,203,276,73.6,69,149,46.3,0,0.0,0.0,2,21,2,1,62,Matches
364,Andreas Pereira\Andreas-Pereira,br BRA,MF,Manchester Utd,22,1996,6.7,297,360,82.5,5345,1658,10,17,58.8,224,256,87.5,63,87,72.4,1,0.7,+0.3,9,37,8,3,38,Matches
365,Ricardo Pereira\Ricardo-Pereira,pt POR,DFFW,Leicester City,24,1993,34.7,1495,1956,76.4,25059,9670,21,69,30.4,1266,1538,82.3,208,349,59.6,6,4.4,+1.6,31,109,31,6,224,Matches
366,Roberto Pereyra\Roberto-Pereyra,ar ARG,FWMF,Watford,27,1991,31.3,967,1187,81.5,16179,4456,22,64,34.4,788,910,86.6,157,213,73.7,1,3.3,-2.3,38,71,37,5,125,Matches
367,Ayoze Pérez\Ayoze-Perez,es ESP,FWMF,Newcastle Utd,25,1993,32.4,609,812,75.0,9229,2371,21,63,33.3,517,629,82.2,71,120,59.2,2,3.3,-1.3,38,46,25,4,68,Matches
368,Lucas Pérez\Lucas-Perez,es ESP,FW,West Ham,29,1988,5.3,102,148,68.9,1430,209,3,12,25.0,92,112,82.1,7,24,29.2,0,0.9,-0.9,8,4,4,0,5,Matches
369,Jordan Pickford\Jordan-Pickford,eng ENG,GK,Everton,24,1994,38.0,748,1250,59.8,28716,19158,1,1,100.0,295,301,98.0,452,948,47.7,0,0.1,-0.1,1,36,0,0,1,Matches
370,Paul Pogba\Paul-Pogba,fr FRA,MF,Manchester Utd,25,1993,33.4,1728,2115,81.7,33679,9741,21,57,36.8,1311,1507,87.0,396,551,71.9,9,5.1,+3.9,51,225,64,8,274,Matches
371,Alex Pritchard\Alex-Pritchard,eng ENG,MFFW,Huddersfield,25,1993,23.1,694,977,71.0,10901,2879,21,64,32.8,594,733,81.0,79,180,43.9,0,2.2,-2.2,34,60,28,7,90,Matches
372,Sebastian Prödl\Sebastian-Prodl,at AUT,DF,Watford,31,1987,0.1,3,3,100.0,64,12,0,0,,2,2,100.0,1,1,100.0,0,0.0,0.0,0,0,0,0,0,Matches
373,Davy Pröpper\Davy-Propper,nl NED,MF,Brighton,26,1991,28.3,980,1252,78.3,19444,5003,18,46,39.1,720,864,83.3,242,342,70.8,1,1.0,0.0,19,122,21,3,130,Matches
374,Jason Puncheon\Jason-Puncheon,eng ENG,MF,Crystal Palace,32,1986,0.1,10,11,90.9,117,32,0,0,,10,11,90.9,0,0,,0,0.0,0.0,1,1,0,0,0,Matches
375,Jason Puncheon\Jason-Puncheon,eng ENG,MFFW,Huddersfield,32,1986,4.2,168,214,78.5,3108,1040,4,10,40.0,129,148,87.2,35,56,62.5,0,0.8,-0.8,5,14,5,0,28,Matches
376,Collin Quaner\Collin-Quaner,de GER,FWMF,Huddersfield,27,1991,0.4,13,17,76.5,168,45,1,2,50.0,11,14,78.6,1,1,100.0,0,0.1,-0.1,1,2,3,0,3,Matches
377,Domingos Quina\Domingos-Quina,pt POR,MF,Watford,18,1999,3.8,198,232,85.3,3731,950,2,6,33.3,149,166,89.8,47,60,78.3,0,0.1,-0.1,1,25,3,1,19,Matches
378,Joe Ralls\Joe-Ralls,eng ENG,MF,Cardiff City,24,1993,21.8,568,863,65.8,12450,4760,9,29,31.0,391,490,79.8,168,344,48.8,0,2.0,-2.0,28,107,16,5,140,Matches
379,Aaron Ramsey\Aaron-Ramsey,wal WAL,MFFW,Arsenal,27,1990,14.8,647,790,81.9,11035,2577,11,38,28.9,527,612,86.1,109,140,77.9,6,2.4,+3.6,24,53,21,5,70,Matches
380,Kayne Ramsey\Kayne-Ramsey,eng ENG,DF,Southampton,17,2000,1.0,14,18,77.8,263,56,0,0,,10,11,90.9,4,7,57.1,0,0.0,0.0,0,0,0,0,0,Matches
381,Marcus Rashford\Marcus-Rashford,eng ENG,FW,Manchester Utd,20,1997,25.9,538,728,73.9,8159,2006,8,40,20.0,466,560,83.2,64,128,50.0,6,4.3,+1.7,38,32,24,3,75,Matches
382,Tim Ream\Tim-Ream,us USA,DF,Fulham,30,1987,22.7,910,1036,87.8,17923,6478,2,14,14.3,707,757,93.4,201,265,75.8,0,0.1,-0.1,2,48,2,0,70,Matches
383,Nathan Redmond\Nathan-Redmond,eng ENG,FWMF,Southampton,24,1994,36.3,877,1215,72.2,14892,3753,23,78,29.5,685,861,79.6,169,276,61.2,4,5.3,-1.3,55,62,61,22,111,Matches
384,Bobby Reid\Bobby-Reid,jm JAM,FWMF,Cardiff City,25,1993,15.8,237,330,71.8,3447,835,10,27,37.0,206,256,80.5,21,47,44.7,2,0.9,+1.1,14,15,6,1,20,Matches
385,Declan Rice\Declan-Rice,eng ENG,MF,West Ham,19,1999,33.4,1364,1570,86.9,26601,5928,17,36,47.2,1002,1119,89.5,345,415,83.1,0,0.4,-0.4,9,127,5,0,85,Matches
386,Jazz Richards\Jazz-Richards,wal WAL,DFMF,Cardiff City,27,1991,1.5,25,35,71.4,394,174,0,0,,22,28,78.6,3,7,42.9,0,0.0,0.0,0,2,0,0,2,Matches
387,Richarlison\Richarlison,br BRA,FWMF,Everton,21,1997,29.6,546,837,65.2,8739,1987,16,75,21.3,452,623,72.6,78,139,56.1,1,1.5,-0.5,17,39,25,3,76,Matches
388,Diego Rico\Diego-Rico,es ESP,DFMF,Bournemouth,25,1993,6.8,259,382,67.8,4716,2356,3,13,23.1,208,265,78.5,48,104,46.2,0,1.2,-1.2,11,22,7,5,67,Matches
389,Sergio Rico\Sergio-Rico,es ESP,GK,Fulham,24,1993,29.0,519,891,58.2,21633,17650,1,1,100.0,179,181,98.9,339,709,47.8,0,0.2,-0.2,2,12,1,0,0,Matches
390,Matt Ritchie\Matt-Ritchie,sco SCO,DFMF,Newcastle Utd,28,1989,32.5,1036,1580,65.6,20299,8289,14,86,16.3,782,959,81.5,240,535,44.9,8,4.5,+3.5,53,63,46,28,216,Matches
391,Andrew Robertson\Andrew-Robertson,sco SCO,DF,Liverpool,24,1994,35.7,2283,2797,81.6,41485,15333,10,54,18.5,1861,2085,89.3,412,658,62.6,11,6.6,+4.4,52,159,72,18,321,Matches
392,Marcos Rojo\Marcos-Rojo,ar ARG,DF,Manchester Utd,28,1990,2.4,99,137,72.3,1869,830,0,4,0.0,77,88,87.5,22,45,48.9,0,0.0,0.0,0,11,1,0,9,Matches
393,Oriol Romeu\Oriol-Romeu,es ESP,MF,Southampton,26,1991,23.7,898,1116,80.5,16595,5119,14,36,38.9,710,819,86.7,174,261,66.7,0,0.3,-0.3,7,121,10,2,130,Matches
394,Salomón Rondón\Salomon-Rondon,ve VEN,FW,Newcastle Utd,28,1989,28.9,538,772,69.7,7637,1552,21,53,39.6,454,619,73.3,63,100,63.0,7,3.3,+3.7,30,42,22,3,55,Matches
395,Danny Rose\Danny-Rose,eng ENG,DFMF,Tottenham,28,1990,20.0,869,1173,74.1,15202,5536,10,47,21.3,722,858,84.1,137,268,51.1,3,1.9,+1.1,26,58,34,16,130,Matches
396,Aaron Rowe\Aaron-Rowe,eng ENG,FW,Huddersfield,17,2000,0.8,13,17,76.5,191,90,1,1,100.0,10,12,83.3,2,4,50.0,0,0.0,0.0,0,0,0,0,1,Matches
397,John Ruddy\John-Ruddy,eng ENG,GK,Wolves,31,1986,1.0,15,21,71.4,593,437,0,0,,5,5,100.0,10,16,62.5,0,0.0,0.0,0,0,0,0,0,Matches
398,Antonio Rüdiger\Antonio-Rudiger,de GER,DF,Chelsea,25,1993,31.9,2310,2528,91.4,48449,15729,32,40,80.0,1617,1704,94.9,661,784,84.3,0,0.4,-0.4,5,177,10,0,149,Matches
399,Mathew Ryan\Mathew-Ryan,au AUS,GK,Brighton,26,1992,34.0,551,1017,54.2,25422,19509,1,2,50.0,118,122,96.7,432,893,48.4,0,0.0,0.0,0,38,0,0,0,Matches
400,Abdelhamid Sabiri\Abdelhamid-Sabiri,de GER,FW,Huddersfield,21,1996,0.5,8,10,80.0,109,13,0,0,,7,9,77.8,1,1,100.0,0,0.0,0.0,0,0,0,0,0,Matches
401,Romain Saïss\Romain-Saiss,ma MAR,MFDF,Wolves,28,1990,12.8,553,706,78.3,12205,3854,2,19,10.5,367,432,85.0,184,255,72.2,0,0.3,-0.3,3,60,5,2,59,Matches
402,Bukayo Saka\Bukayo-Saka,eng ENG,FW,Arsenal,16,2001,0.1,0,0,,0,0,0,0,,0,0,,0,0,,0,0.0,0.0,0,0,0,0,0,Matches
403,Mamadou Sakho\Mamadou-Sakho,fr FRA,DF,Crystal Palace,28,1990,26.8,1135,1285,88.3,22516,10185,4,9,44.4,839,906,92.6,292,370,78.9,0,0.5,-0.5,7,81,3,0,100,Matches
404,Bakary Sako\Bakary-Sako,ml MLI,FWMF,Crystal Palace,30,1988,0.3,9,13,69.2,175,10,0,0,,8,9,88.9,1,4,25.0,0,0.0,0.0,0,1,0,0,0,Matches
405,Mohamed Salah\Mohamed-Salah,eg EGY,FW,Liverpool,26,1992,36.1,864,1150,75.1,12874,3831,19,58,32.8,746,916,81.4,99,176,56.3,8,9.1,-1.1,68,58,74,7,158,Matches
406,Alexis Sánchez\Alexis-Sanchez,cl CHI,FWMF,Manchester Utd,29,1988,9.8,292,409,71.4,5023,1544,5,16,31.3,226,293,77.1,61,100,61.0,3,3.2,-0.2,20,25,26,5,51,Matches
407,Carlos Sánchez\Carlos-Sanchez,co COL,MF,West Ham,32,1986,2.7,124,140,88.6,2633,552,2,2,100.0,86,95,90.5,36,43,83.7,0,0.1,-0.1,2,14,1,0,10,Matches
408,Davinson Sánchez\Davinson-Sanchez,co COL,DF,Tottenham,22,1996,21.6,1289,1424,90.5,27790,7391,7,18,38.9,846,901,93.9,436,505,86.3,1,0.0,+1.0,1,42,0,0,52,Matches
409,Leroy Sané\Leroy-Sane,de GER,FW,Manchester City,22,1996,20.7,750,954,78.6,10896,2395,17,50,34.0,671,777,86.4,62,127,48.8,10,6.7,+3.3,36,26,39,2,93,Matches
410,Fabian Schär\Fabian-Schar,ch SUI,DF,Newcastle Utd,26,1991,22.2,699,1029,67.9,18070,8149,2,20,10.0,402,488,82.4,295,521,56.6,1,0.6,+0.4,11,86,9,1,77,Matches
411,Christopher Schindler\Christopher-Schindler,de GER,DF,Huddersfield,28,1990,36.2,1271,1501,84.7,28298,8473,8,20,40.0,811,919,88.2,452,562,80.4,0,0.3,-0.3,1,74,2,0,71,Matches
412,Jeffrey Schlupp\Jeffrey-Schlupp,gh GHA,MFFW,Crystal Palace,25,1992,18.6,484,646,74.9,7386,2273,13,32,40.6,421,521,80.8,50,93,53.8,1,1.4,-0.4,17,49,12,3,60,Matches
413,Kasper Schmeichel\Kasper-Schmeichel,dk DEN,GK,Leicester City,31,1986,38.0,825,1208,68.3,30971,19665,1,2,50.0,267,269,99.3,557,937,59.4,0,0.4,-0.4,1,10,0,0,3,Matches
414,Morgan Schneiderlin\Morgan-Schneiderlin,fr FRA,MF,Everton,28,1989,9.3,484,544,89.0,8828,2093,3,6,50.0,380,414,91.8,101,124,81.5,1,0.7,+0.3,9,48,4,0,29,Matches
415,André Schürrle\Andre-Schurrle,de GER,FWMF,Fulham,27,1990,18.2,426,571,74.6,6862,1662,4,27,14.8,364,434,83.9,58,110,52.7,0,1.8,-1.8,21,33,26,9,52,Matches
416,Ken Sema\Ken-Sema,se SWE,FWMF,Watford,24,1993,8.4,186,261,71.3,2729,583,3,20,15.0,174,216,80.6,9,25,36.0,2,0.4,+1.6,7,11,5,0,20,Matches
417,Jean Seri\Jean-Seri,ci CIV,MF,Fulham,27,1991,24.9,1433,1712,83.7,27643,7130,19,39,48.7,1073,1190,90.2,341,483,70.6,2,3.7,-1.7,55,124,24,5,172,Matches
418,Ryan Sessegnon\Ryan-Sessegnon,eng ENG,FWDF,Fulham,18,2000,25.6,582,829,70.2,9632,3688,3,30,10.0,506,633,79.9,73,166,44.0,6,4.9,+1.1,30,34,16,4,91,Matches
419,Xherdan Shaqiri\Xherdan-Shaqiri,ch SUI,FWMF,Liverpool,26,1991,11.8,545,695,78.4,9989,2667,5,18,27.8,434,496,87.5,106,181,58.6,3,1.7,+1.3,19,49,36,7,80,Matches
420,Luke Shaw\Luke-Shaw,eng ENG,DF,Manchester Utd,23,1995,28.8,1657,1984,83.5,25802,11131,25,70,35.7,1444,1612,89.6,188,302,62.3,4,3.4,+0.6,33,122,36,9,238,Matches
421,Jonjo Shelvey\Jonjo-Shelvey,eng ENG,MF,Newcastle Utd,26,1992,10.5,458,678,67.6,11182,4414,4,10,40.0,286,345,82.9,168,323,52.0,1,1.6,-0.6,24,79,20,6,99,Matches
422,Gylfi Sigurðsson\Gylfi-Sigurdsson,is ISL,MF,Everton,28,1989,34.6,830,1231,67.4,14768,5597,18,73,24.7,633,781,81.0,179,377,47.5,6,7.2,-1.2,72,99,48,8,190,Matches
423,Adrien Silva\Adrien-Silva,pt POR,MF,Leicester City,29,1989,1.0,70,79,88.6,1225,319,0,2,0.0,58,63,92.1,12,14,85.7,0,0.0,0.0,0,9,1,0,6,Matches
424,Bernardo Silva\Bernardo-Silva,pt POR,MFFW,Manchester City,23,1994,31.7,1513,1798,84.1,25650,5777,27,71,38.0,1248,1388,89.9,238,339,70.2,7,7.3,-0.3,70,96,57,5,168,Matches
425,David Silva\David-Silva,es ESP,MF,Manchester City,32,1986,26.7,1783,2083,85.6,29033,6374,17,50,34.0,1532,1715,89.3,234,318,73.6,8,9.1,-1.1,73,136,84,5,204,Matches
426,Xande Silva\Xande-Silva,pt POR,FW,West Ham,21,1997,0.2,3,5,60.0,35,2,0,0,,3,4,75.0,0,1,0.0,0,0.0,0.0,1,0,0,0,0,Matches
427,Danny Simpson\Danny-Simpson,eng ENG,DF,Leicester City,31,1987,3.2,108,154,70.1,2075,913,4,6,66.7,80,108,74.1,24,40,60.0,0,0.0,0.0,1,5,0,0,21,Matches
428,Jack Simpson\Jack-Simpson,eng ENG,DF,Bournemouth,21,1997,4.5,191,225,84.9,4173,1490,2,4,50.0,125,144,86.8,64,77,83.1,0,0.1,-0.1,1,12,1,0,10,Matches
429,Josh Sims\Josh-Sims,eng ENG,FWMF,Southampton,21,1997,2.4,36,46,78.3,532,153,2,3,66.7,30,37,81.1,4,6,66.7,1,0.5,+0.5,2,1,2,2,3,Matches
430,Moussa Sissoko\Moussa-Sissoko,fr FRA,MF,Tottenham,28,1989,25.9,1205,1397,86.3,20391,4909,32,58,55.2,987,1096,90.1,186,243,76.5,3,2.4,+0.6,23,106,13,3,102,Matches
431,Oliver Skipp\Oliver-Skipp,eng ENG,MFFW,Tottenham,17,2000,2.4,116,137,84.7,2054,451,2,7,28.6,89,102,87.3,25,28,89.3,0,0.0,0.0,1,7,0,0,5,Matches
432,Callum Slattery\Callum-Slattery,eng ENG,MF,Southampton,19,1999,1.2,21,32,65.6,363,92,1,3,33.3,14,18,77.8,6,11,54.5,0,0.0,0.0,0,3,1,0,3,Matches
433,Chris Smalling\Chris-Smalling,eng ENG,DF,Manchester Utd,28,1989,23.6,800,924,86.6,16968,4212,10,17,58.8,535,590,90.7,255,317,80.4,0,0.5,-0.5,3,21,1,0,38,Matches
434,Adam Smith\Adam-Smith,eng ENG,DF,Bournemouth,27,1991,23.0,860,1072,80.2,14416,5450,8,31,25.8,726,843,86.1,126,198,63.6,1,0.8,+0.2,10,73,16,3,116,Matches
435,Tommy Smith\Tommy-Smith,eng ENG,DF,Huddersfield,26,1992,12.7,470,618,76.1,8737,3011,4,15,26.7,353,419,84.2,113,184,61.4,0,0.6,-0.6,9,32,7,4,57,Matches
436,Robert Snodgrass\Robert-Snodgrass,sco SCO,MFFW,West Ham,30,1987,24.7,875,1156,75.7,14746,4474,58,87,66.7,650,771,84.3,167,298,56.0,5,5.0,0.0,61,81,31,6,138,Matches
437,Cédric Soares\Cedric-Soares,pt POR,DF,Southampton,26,1991,16.6,577,822,70.2,10022,4230,5,30,16.7,473,566,83.6,99,226,43.8,2,1.1,+0.9,13,50,20,10,91,Matches
438,Ramadan Sobhi\Ramadan-Sobhi,eg EGY,FW,Huddersfield,21,1997,0.9,37,44,84.1,456,165,3,3,100.0,33,37,89.2,1,4,25.0,0,0.3,-0.3,4,0,3,1,7,Matches
439,Dominic Solanke\Dominic-Solanke,eng ENG,FW,Bournemouth,20,1997,3.9,73,101,72.3,894,185,5,13,38.5,66,79,83.5,2,9,22.2,1,0.6,+0.4,8,3,2,0,6,Matches
440,Pape Souaré\Pape-Souare,sn SEN,DF,Crystal Palace,28,1990,0.0,3,3,100.0,88,0,0,0,,2,2,100.0,1,1,100.0,0,0.0,0.0,0,0,0,0,0,Matches
441,Çağlar Söyüncü\Caglar-Soyuncu,tr TUR,DF,Leicester City,22,1996,4.1,183,215,85.1,3477,1215,4,6,66.7,133,143,93.0,46,66,69.7,0,0.0,0.0,0,11,2,1,16,Matches
442,Julián Speroni\Julian-Speroni,ar ARG,GK,Crystal Palace,39,1979,1.0,16,36,44.4,809,687,0,0,,1,1,100.0,15,35,42.9,0,0.0,0.0,0,2,0,0,0,Matches
443,Junior Stanislas\Junior-Stanislas,eng ENG,MFFW,Bournemouth,28,1989,11.5,409,537,76.2,6607,2288,9,32,28.1,343,406,84.5,57,99,57.6,3,2.1,+0.9,15,30,29,5,66,Matches
444,Dale Stephens\Dale-Stephens,eng ENG,MF,Brighton,29,1989,27.6,1145,1369,83.6,25024,6533,10,32,31.3,793,899,88.2,342,438,78.1,1,0.8,+0.2,21,140,11,0,126,Matches
445,Jack Stephens\Jack-Stephens,eng ENG,DF,Southampton,24,1994,18.9,599,793,75.5,12501,5043,7,14,50.0,418,491,85.1,174,288,60.4,0,0.1,-0.1,4,51,4,0,60,Matches
446,Raheem Sterling\Raheem-Sterling,eng ENG,FW,Manchester City,23,1994,30.8,1099,1337,82.2,15362,3204,17,61,27.9,1026,1157,88.7,56,119,47.1,9,9.1,-0.1,58,22,52,5,100,Matches
447,John Stones\John-Stones,eng ENG,DF,Manchester City,24,1994,19.6,1646,1741,94.5,33895,9566,8,10,80.0,1177,1223,96.2,461,508,90.7,0,0.2,-0.2,5,111,5,0,86,Matches
448,Daniel Sturridge\Daniel-Sturridge,eng ENG,FWMF,Liverpool,28,1989,5.7,148,188,78.7,2544,746,4,11,36.4,120,145,82.8,24,32,75.0,1,1.3,-0.3,8,13,11,0,31,Matches
449,Denis Suárez\Denis-Suarez,es ESP,FW,Arsenal,24,1994,0.8,32,35,91.4,444,69,2,3,66.7,26,28,92.9,4,4,100.0,0,0.0,0.0,0,2,1,0,2,Matches
450,Isaac Success\Isaac-Success,ng NGA,FWMF,Watford,22,1996,11.7,262,369,71.0,4137,885,10,30,33.3,208,275,75.6,44,64,68.8,1,2.1,-1.1,19,14,22,4,35,Matches
451,Ki Sung-yueng\Ki-Sung-yueng,kr KOR,MF,Newcastle Utd,29,1989,14.5,520,644,80.7,11230,3045,6,13,46.2,353,399,88.5,161,232,69.4,1,1.0,0.0,15,52,8,0,82,Matches
452,Andrew Surman\Andrew-Surman,eng ENG,MF,Bournemouth,31,1986,16.0,725,839,86.4,13930,3962,10,18,55.6,543,604,89.9,172,217,79.3,0,0.6,-0.6,9,66,18,1,85,Matches
453,Sam Surridge\Sam-Surridge,eng ENG,FWDF,Bournemouth,20,1998,0.1,3,5,60.0,34,0,0,0,,3,5,60.0,0,0,,0,0.1,-0.1,1,0,0,0,0,Matches
454,Alexander Sørloth\Alexander-Sorloth,no NOR,FWMF,Crystal Palace,22,1995,2.1,41,62,66.1,575,126,3,5,60.0,35,52,67.3,3,5,60.0,0,0.5,-0.5,3,2,1,0,5,Matches
455,Matt Targett\Matt-Targett,eng ENG,DFMF,Southampton,22,1995,13.2,456,688,66.3,8192,4023,7,28,25.0,359,467,76.9,90,193,46.6,3,2.3,+0.7,22,34,14,8,107,Matches
456,James Tarkowski\James-Tarkowski,eng ENG,DF,Burnley,25,1992,34.3,790,1117,70.7,19562,7659,4,15,26.7,487,611,79.7,299,491,60.9,1,0.2,+0.8,6,91,13,0,102,Matches
457,Charlie Taylor\Charlie-Taylor,eng ENG,DF,Burnley,24,1993,36.0,1224,1707,71.7,22327,9588,8,60,13.3,971,1156,84.0,245,491,49.9,1,1.0,0.0,12,66,22,13,163,Matches
458,Youri Tielemans\Youri-Tielemans,be BEL,MF,Leicester City,21,1997,12.1,542,645,84.0,10283,2343,11,32,34.4,402,451,89.1,129,162,79.6,4,2.4,+1.6,19,65,13,3,71,Matches
459,James Tomkins\James-Tomkins,eng ENG,DF,Crystal Palace,29,1989,28.4,915,1089,84.0,21711,6868,9,16,56.3,529,581,91.0,377,492,76.6,1,1.0,0.0,6,62,1,0,51,Matches
460,Lucas Torreira\Lucas-Torreira,uy URU,MF,Arsenal,22,1996,26.5,1420,1623,87.5,26416,6358,24,44,54.5,1107,1215,91.1,289,364,79.4,2,1.3,+0.7,16,104,18,1,137,Matches
461,Cenk Tosun\Cenk-Tosun,tr TUR,FW,Everton,27,1991,11.8,190,255,74.5,2712,511,9,20,45.0,161,207,77.8,20,28,71.4,3,0.5,+2.5,11,9,9,1,18,Matches
462,Andros Townsend\Andros-Townsend,eng ENG,FWMF,Crystal Palace,27,1991,33.4,895,1237,72.4,14634,3903,23,77,29.9,749,899,83.3,123,261,47.1,4,5.4,-1.4,64,56,44,21,134,Matches
463,Adama Traoré\Adama-Traore,es ESP,FWDF,Wolves,22,1996,10.0,240,334,71.9,4012,1228,9,26,34.6,191,249,76.7,40,59,67.8,1,1.6,-0.6,17,17,20,13,45,Matches
464,Mark Travers\Mark-Travers,ie IRL,GK,Bournemouth,19,1999,2.0,43,57,75.4,1271,698,0,0,,23,24,95.8,20,33,60.6,0,0.0,0.0,0,0,0,0,1,Matches
465,Kieran Trippier\Kieran-Trippier,eng ENG,DF,Tottenham,27,1990,25.3,1515,2000,75.8,29627,11796,10,47,21.3,1130,1301,86.9,375,652,57.5,3,4.1,-1.1,48,94,65,30,262,Matches
466,Antonio Valencia\Antonio-Valencia,ec ECU,DFMF,Manchester Utd,32,1985,5.2,275,321,85.7,4635,1872,3,10,30.0,233,248,94.0,39,63,61.9,0,0.8,-0.8,7,23,7,4,40,Matches
467,Yan Valery\Yan-Valery,fr FRA,DFMF,Southampton,19,1999,19.0,380,621,61.2,6565,2881,5,30,16.7,314,424,74.1,61,167,36.5,1,0.2,+0.8,5,31,7,3,83,Matches
468,Jamie Vardy\Jamie-Vardy,eng ENG,FW,Leicester City,31,1987,30.3,286,443,64.6,4490,864,7,32,21.9,246,348,70.7,33,63,52.4,4,4.3,-0.3,29,13,17,5,38,Matches
469,Jan Vertonghen\Jan-Vertonghen,be BEL,DF,Tottenham,31,1987,21.2,1338,1535,87.2,28046,8789,8,27,29.6,959,1038,92.4,371,470,78.9,0,0.3,-0.3,3,121,7,3,93,Matches
470,Jannik Vestergaard\Jannik-Vestergaard,dk DEN,DF,Southampton,25,1992,22.5,671,887,75.6,13485,5150,5,18,27.8,495,583,84.9,171,286,59.8,0,0.6,-0.6,6,66,2,0,73,Matches
471,Luciano Vietto\Luciano-Vietto,ar ARG,FWMF,Fulham,24,1993,11.0,334,435,76.8,5212,1208,7,24,29.2,286,343,83.4,41,68,60.3,4,2.4,+1.6,23,16,12,4,30,Matches
472,Rúben Vinagre\Ruben-Vinagre,pt POR,DFMF,Wolves,19,1999,7.9,301,424,71.0,4792,1804,2,18,11.1,263,330,79.7,36,76,47.4,0,0.8,-0.8,6,18,7,6,50,Matches
473,Sam Vokes\Sam-Vokes,wal WAL,FW,Burnley,28,1989,10.2,151,259,58.3,1987,492,3,15,20.0,142,225,63.1,6,19,31.6,0,0.5,-0.5,6,18,4,1,21,Matches
474,Michel Vorm\Michel-Vorm,nl NED,GK,Tottenham,34,1983,2.0,51,59,86.4,1224,603,0,0,,34,34,100.0,17,25,68.0,0,0.0,0.0,0,0,0,0,0,Matches
475,Matěj Vydra\Matej-Vydra,cz CZE,FWMF,Burnley,26,1992,3.5,46,77,59.7,626,83,2,5,40.0,40,61,65.6,4,11,36.4,1,0.2,+0.8,1,0,4,0,4,Matches
476,Theo Walcott\Theo-Walcott,eng ENG,FWMF,Everton,29,1989,23.5,447,631,70.8,6647,2053,13,37,35.1,381,489,77.9,53,105,50.5,2,2.4,-0.4,21,41,18,11,66,Matches
477,Kyle Walker\Kyle-Walker,eng ENG,DF,Manchester City,28,1990,30.9,2337,2655,88.0,46092,11890,17,43,39.5,1758,1890,93.0,562,722,77.8,1,1.7,-0.7,24,252,29,4,189,Matches
478,Kyle Walker-Peters\Kyle-Walker-Peters,eng ENG,DF,Tottenham,21,1997,4.2,186,226,82.3,2926,1001,2,15,13.3,163,183,89.1,21,28,75.0,3,0.6,+2.4,8,6,4,2,21,Matches
479,Aaron Wan-Bissaka\Aaron-Wan-Bissaka,eng ENG,DF,Crystal Palace,20,1997,34.8,1156,1537,75.2,17192,8382,23,79,29.1,1023,1220,83.9,110,238,46.2,3,1.8,+1.2,14,84,23,8,164,Matches
480,Victor Wanyama\Victor-Wanyama,ke KEN,MF,Tottenham,27,1991,5.7,259,314,82.5,4587,906,2,13,15.4,210,241,87.1,47,60,78.3,0,0.0,0.0,2,19,0,0,16,Matches
481,Danny Ward\Danny-Ward,eng ENG,FW,Cardiff City,26,1991,4.9,47,85,55.3,807,189,0,4,0.0,40,73,54.8,7,8,87.5,0,0.2,-0.2,4,5,1,0,8,Matches
482,Joel Ward\Joel-Ward,eng ENG,DF,Crystal Palace,28,1989,6.1,185,256,72.3,3043,1705,1,7,14.3,153,190,80.5,31,59,52.5,0,0.2,-0.2,3,19,3,1,28,Matches
483,Stephen Ward\Stephen-Ward,ie IRL,DF,Burnley,32,1985,2.5,112,154,72.7,2162,878,1,2,50.0,84,104,80.8,27,48,56.3,0,0.1,-0.1,1,9,2,1,16,Matches
484,James Ward-Prowse\James-Ward-Prowse,eng ENG,MFDF,Southampton,23,1994,21.6,622,913,68.1,11436,3571,8,29,27.6,485,582,83.3,129,302,42.7,0,3.1,-3.1,44,52,12,5,88,Matches
485,Danny Welbeck\Danny-Welbeck,eng ENG,FWMF,Arsenal,27,1990,1.7,41,54,75.9,671,266,1,1,100.0,33,44,75.0,7,9,77.8,1,0.6,+0.4,7,7,3,0,11,Matches
486,Ashley Westwood\Ashley-Westwood,eng ENG,MF,Burnley,28,1990,31.4,1111,1504,73.9,22653,7205,16,38,42.1,783,928,84.4,312,538,58.0,7,5.1,+1.9,43,142,41,10,200,Matches
487,Connor Wickham\Connor-Wickham,eng ENG,FW,Crystal Palace,25,1993,0.7,6,13,46.2,74,26,0,1,0.0,6,12,50.0,0,0,,1,0.2,+0.8,1,0,0,0,1,Matches
488,Georginio Wijnaldum\Georginio-Wijnaldum,nl NED,MF,Liverpool,27,1990,30.3,1620,1778,91.1,28561,6236,16,34,47.1,1338,1435,93.2,266,309,86.1,0,1.2,-1.2,21,191,18,2,131,Matches
489,Danny Williams\Danny-Williams,us USA,MF,Huddersfield,29,1989,1.1,20,26,76.9,339,88,0,0,,20,23,87.0,0,3,0.0,0,0.0,0.0,1,3,0,0,3,Matches
490,Willian\Willian,br BRA,FW,Chelsea,29,1988,23.3,1100,1414,77.8,19101,5127,14,61,23.0,895,1028,87.1,191,325,58.8,6,6.2,-0.2,82,62,52,13,186,Matches
491,Joe Willock\Joe-Willock,eng ENG,MF,Arsenal,18,1999,0.7,12,12,100.0,207,29,0,0,,10,10,100.0,2,2,100.0,0,0.0,0.0,0,2,0,0,0,Matches
492,Ben Wilmot\Ben-Wilmot,eng ENG,MF,Watford,18,1999,0.3,8,10,80.0,231,143,0,0,,4,5,80.0,4,5,80.0,0,0.0,0.0,0,2,0,0,1,Matches
493,Jack Wilshere\Jack-Wilshere,eng ENG,MF,West Ham,26,1992,4.4,190,208,91.3,3263,607,2,2,100.0,156,166,94.0,32,40,80.0,1,0.4,+0.6,5,20,2,0,11,Matches
494,Callum Wilson\Callum-Wilson,eng ENG,FW,Bournemouth,26,1992,28.1,319,456,70.0,4917,1214,10,38,26.3,272,364,74.7,37,54,68.5,9,4.2,+4.8,28,17,20,3,45,Matches
495,Harry Winks\Harry-Winks,eng ENG,MF,Tottenham,22,1996,17.7,1286,1398,92.0,23997,4992,20,34,58.8,971,1026,94.6,295,338,87.3,0,0.2,-0.2,6,136,13,0,85,Matches
496,Chris Wood\Chris-Wood,nz NZL,FW,Burnley,26,1991,28.8,406,614,66.1,5246,1004,15,45,33.3,359,505,71.1,32,64,50.0,2,2.0,0.0,15,19,10,1,26,Matches
497,Granit Xhaka\Granit-Xhaka,ch SUI,MFDF,Arsenal,25,1992,27.8,1955,2378,82.2,40479,11996,18,46,39.1,1403,1560,89.9,534,772,69.2,2,3.3,-1.3,38,229,36,10,272,Matches
498,Andriy Yarmolenko\Andriy-Yarmolenko,ua UKR,FWMF,West Ham,28,1989,5.1,168,214,78.5,2806,801,6,9,66.7,133,162,82.1,29,43,67.4,0,0.5,-0.5,5,8,10,1,20,Matches
499,DeAndre Yedlin\DeAndre-Yedlin,us USA,DF,Newcastle Utd,25,1993,27.5,784,1097,71.5,13744,6354,9,37,24.3,641,790,81.1,134,270,49.6,2,2.6,-0.6,29,47,31,13,156,Matches
500,Maya Yoshida\Maya-Yoshida,jp JPN,DF,Southampton,29,1988,16.9,424,543,78.1,8508,2929,8,12,66.7,295,342,86.3,121,189,64.0,1,0.4,+0.6,6,35,2,0,33,Matches
501,Ashley Young\Ashley-Young,eng ENG,DF,Manchester Utd,33,1985,28.5,1380,1904,72.5,27132,11875,19,72,26.4,1032,1207,85.5,329,625,52.6,2,3.4,-1.4,42,118,33,12,259,Matches
502,Pablo Zabaleta\Pablo-Zabaleta,ar ARG,DF,West Ham,33,1985,23.2,863,1146,75.3,13862,5935,21,55,38.2,740,860,86.0,102,231,44.2,1,0.7,+0.3,7,70,11,4,145,Matches
503,Wilfried Zaha\Wilfried-Zaha,ci CIV,FW,Crystal Palace,25,1992,33.7,839,1094,76.7,12534,3684,20,74,27.0,727,890,81.7,92,130,70.8,5,5.8,-0.8,54,61,68,10,147,Matches
504,Andre-Frank Zambo Anguissa\Andre-Frank-Zambo-Anguissa,cm CMR,MF,Fulham,22,1995,16.9,931,1063,87.6,15819,4580,12,23,52.2,783,868,90.2,136,172,79.1,0,0.3,-0.3,7,96,6,1,83,Matches
505,Davide Zappacosta\Davide-Zappacosta,it ITA,DF,Chelsea,26,1992,1.4,77,91,84.6,1256,350,0,2,0.0,69,77,89.6,8,12,66.7,0,0.1,-0.1,1,2,1,1,7,Matches
506,Oleksandr Zinchenko\Oleksandr-Zinchenko,ua UKR,DF,Manchester City,21,1996,12.8,1208,1338,90.3,21165,5392,6,16,37.5,998,1077,92.7,204,245,83.3,3,1.2,+1.8,12,131,21,4,117,Matches
507,Kenneth Zohore\Kenneth-Zohore,dk DEN,FW,Cardiff City,24,1994,8.4,101,153,66.0,1408,280,3,13,23.1,90,127,70.9,8,13,61.5,1,1.0,0.0,13,6,4,2,10,Matches
508,Kurt Zouma\Kurt-Zouma,fr FRA,DF,Everton,23,1994,29.0,1218,1429,85.2,26415,8401,9,23,39.1,805,889,90.6,404,517,78.1,2,0.4,+1.6,6,71,4,0,87,Matches